1,Henrik Fife,Male,5449 Marcy Terrace,30-09-1989,Services,$4982.36
2,Jere Shipman,Male,62998 Dexter Alley,05-04-1979,Legal,$1884.38
3,Sibylle Crips,Female,359 Roth Pass,06-10-1972,Engineering,$3920.44
4,Lyndsey Tunnoch,Female,7 Cody Center,17-02-1976,Legal,$3569.87
5,Matilda Purkins,Female,8423 Ilene Hill,06-06-1998,Engineering,$3468.33
6,Ruperto Punshon,Male,47 Express Junction,31-03-1982,Training,$968.06
7,Marchelle Lilywhite,Female,5 Golf Pass,10-10-1994,Support,$2876.15
8,Delly Pointin,Female,32 Acker Place,24-07-1975,Legal,$760.00
9,Euell Hockey,Male,315 Prairie Rose Alley,16-02-1982,Services,$1041.25
10,Gunilla Caldero,Female,52 Mockingbird Court,18-01-1994,Services,$1879.81
11,Clem Tatnell,Male,0756 Mifflin Road,28-01-1981,Training,$4056.64
12,Shelton Forson,Male,4 Drewry Parkway,15-03-1975,Marketing,$973.32
13,Lyndell Zanettini,Bigender,4164 Dixon Lane,06-09-1986,Human Resources,$2561.65
14,Angie Bigmore,Female,28 Washington Park,31-08-1996,Accounting,$1378.21
15,Nolan Major,Genderqueer,439 Truax Trail,28-08-1995,Services,$1658.35
16,Mitchell Terbrug,Male,259 Nelson Alley,03-06-1993,Accounting,$850.03
17,Ralf Shearman,Male,41057 Del Mar Street,30-11-1986,Accounting,$4460.14
18,Prudy O'Leary,Female,76024 Shasta Avenue,02-01-1996,Support,$2466.99
19,Audi Lockner,Female,0 Pierstorff Hill,25-09-1977,Marketing,$2096.91
20,Julienne Pyburn,Female,6 Graedel Parkway,11-01-1971,Engineering,$1473.09
21,Archie Griffen,Male,18 Dottie Alley,25-06-1995,Human Resources,$2076.13
22,Lorilee Ferfulle,Female,44 Brown Road,15-01-1985,Accounting,$1877.66
23,Morty Strewther,Male,3650 Ryan Drive,27-03-1981,Research and Development,$3231.70
24,Grantley Mowsley,Male,06 Oak Trail,24-08-1971,Legal,$2550.72
25,Elinore Pougher,Female,6050 Sunnyside Street,02-11-1972,Sales,$3337.99
26,Ayn Gaunson,Female,3599 3rd Park,25-07-1995,Support,$2572.90
27,Jeanna Wank,Female,4 Arkansas Point,24-11-1974,Legal,$2007.84
28,Herb Bontine,Male,66 Shoshone Terrace,06-09-1993,Services,$3017.99
29,Clare McKeown,Male,8 Evergreen Plaza,15-02-1997,Human Resources,$3049.20
30,Lavena Smalcombe,Female,7013 Donald Crossing,08-07-1976,Business Development,$3348.95
31,Samuel Webberley,Agender,58660 Dakota Court,09-05-1994,Business Development,$3670.43
32,Malina Christensen,Female,08980 Russell Way,23-04-1997,Human Resources,$2176.81
33,Samara Gull,Female,6 Dovetail Street,07-04-1981,Product Management,$3841.95
34,Alfred D'Almeida,Agender,5237 Grover Street,07-03-1979,Training,$3188.53
35,Moria Richings,Female,158 Sachtjen Circle,02-09-1992,Sales,$1758.94
36,Evin Chedgey,Male,5 Carpenter Pass,26-03-1971,Legal,$4991.14
37,Jo Braxay,Female,8 Meadow Ridge Junction,23-08-1992,Services,$2291.11
38,Eadie Tyndall,Genderfluid,755 Tennessee Terrace,15-05-1992,Services,$1249.18
39,Sherman Petrescu,Male,66897 1st Way,24-10-1986,Support,$1325.12
40,Silvan Pulman,Male,949 Jay Lane,08-06-1975,Marketing,$3171.37
41,Natka Caustic,Agender,2299 Spohn Trail,02-05-1992,Marketing,$1911.99
42,Tybi Dresche,Female,88979 Sauthoff Drive,05-04-1971,Training,$3106.78
43,Shelley Freezor,Male,47417 Katie Park,30-07-1997,Research and Development,$1332.86
44,Wenona Easter,Female,5953 Mendota Trail,23-10-1973,Research and Development,$742.46
45,Yvette Paffett,Female,3839 Bay Terrace,14-02-1982,Product Management,$4773.68
46,Guillermo De Fries,Male,082 5th Park,14-09-1996,Research and Development,$3973.81
47,Evan Meece,Male,73243 Bayside Street,05-03-1998,Sales,$4971.15
48,Hilde Cleugh,Female,0761 Trailsway Alley,08-07-1997,Legal,$2166.28
49,Felic Wise,Male,42 Evergreen Terrace,14-02-1991,Sales,$1302.31
50,Tasha Badder,Female,3955 Messerschmidt Pass,24-07-1989,Engineering,$3760.00
51,Casandra Dennes,Female,479 Bellgrove Crossing,04-04-1986,Research and Development,$1822.49
52,Fleming McKinnon,Male,94 Pepper Wood Place,28-04-1978,Sales,$4394.60
53,Tan Commander,Male,8392 Logan Avenue,22-04-1984,Research and Development,$2639.52
54,Mickie Janek,Male,05123 Texas Alley,29-09-1976,Marketing,$1587.58
55,Tomasine Wattingham,Female,8603 Lawn Way,14-03-1989,Engineering,$3373.10
56,Cybil Lorenzetti,Female,9177 Stone Corner Circle,19-04-1984,Training,$3919.65
57,Donnell Rentoul,Male,05244 Muir Crossing,19-10-1986,Support,$866.47
58,Umeko Meineking,Female,0012 Dahle Alley,21-02-1982,Research and Development,$3844.16
59,Lizabeth Dangerfield,Female,5474 Canary Trail,23-05-1972,Sales,$2408.93
60,Blakelee Davidge,Female,589 Artisan Street,06-08-1996,Services,$2558.27
61,Lanae Glasper,Female,28 Kim Lane,24-07-1977,Accounting,$2737.20
62,Jennilee Dodgshun,Female,3430 Clarendon Park,16-10-1998,Training,$3748.27
63,Carter Wraxall,Male,84183 Arapahoe Drive,29-06-1975,Sales,$4927.30
64,Van Wardhough,Female,2163 Coleman Park,16-02-1979,Human Resources,$4005.98
65,Brandy Newland,Female,93551 Schlimgen Plaza,23-05-1976,Research and Development,$3572.69
66,Rosaline Farreil,Female,91 Mccormick Pass,12-10-1977,Product Management,$2522.51
67,Lyell Verecker,Male,18795 David Avenue,12-09-1974,Training,$726.56
68,Malorie Bitterton,Female,415 Kings Point,05-04-1981,Engineering,$2137.90
69,Blinnie Callaway,Female,85 Dennis Center,27-09-1971,Support,$4683.04
70,Virgilio Ewan,Bigender,6252 New Castle Street,04-09-1972,Business Development,$2397.54
71,Florry Bellord,Female,3281 Kropf Alley,30-04-1999,Human Resources,$1904.95
72,Reginauld Guterson,Male,8555 Vera Junction,31-12-1996,Engineering,$3681.69
73,Paddie Every,Male,1525 Del Mar Way,20-08-1988,Sales,$1343.30
74,Zolly Featenby,Male,6 Dennis Terrace,23-03-1996,Sales,$4021.26
75,Sherlock Rankine,Male,2 Clarendon Avenue,28-04-1976,Research and Development,$4759.69
76,Quincey Children,Genderfluid,52 Anniversary Crossing,10-10-1976,Engineering,$3595.64
77,Salomi Jeavon,Bigender,789 Merchant Point,22-06-1976,Research and Development,$912.67
78,Tyrus Everleigh,Non-binary,56 Oak Valley Avenue,02-08-1993,Engineering,$2603.15
79,Hubert Francais,Bigender,3058 Anthes Alley,14-05-1983,Engineering,$4748.77
80,Taber Leport,Male,3 Transport Alley,31-07-1982,Research and Development,$1711.71
81,Davey Capp,Male,25182 Mariners Cove Center,16-08-1999,Engineering,$1687.34
82,Raff Braithwait,Male,135 Fisk Plaza,25-02-1978,Human Resources,$4051.46
83,Walker Aymer,Male,924 Maywood Street,26-12-1972,Research and Development,$4137.61
84,Yale Cruces,Genderfluid,9 Hollow Ridge Pass,25-06-1994,Product Management,$4748.07
85,Tommi Crumb,Female,33539 Veith Plaza,12-10-2000,Services,$1467.68
86,Lauritz McIlwrath,Male,25 Troy Park,05-02-1974,Research and Development,$3371.43
87,Josee Zappel,Female,85 Thierer Lane,30-03-1979,Sales,$4935.84
88,Caritta Jarmain,Female,8331 Thierer Parkway,15-05-1972,Business Development,$3850.32
89,Pierette Arch,Female,538 Oriole Court,03-07-1976,Services,$2972.29
90,Elyse Davidovsky,Female,64 Carey Lane,15-10-1980,Legal,$1150.15
91,Pascale Hanlon,Male,7 Service Plaza,26-08-1986,Business Development,$4748.39
92,Elliott Clohessy,Male,3 Thackeray Place,25-10-1976,Accounting,$1719.30
93,Gaylene Boulding,Female,6799 Mayfield Crossing,18-07-2000,Services,$1313.69
94,Oralee Hessing,Female,03604 Southridge Center,08-12-1978,Legal,$2616.23
95,Sig Collacombe,Agender,863 Swallow Point,22-01-1978,Accounting,$3666.14
96,Aretha Broomfield,Female,57801 Sloan Trail,10-11-1980,Services,$3787.12
97,Waylan Cromie,Male,86913 Jay Point,08-08-1978,Training,$862.09
98,Olivero Stigell,Male,24723 Carey Road,18-10-1997,Legal,$3360.40
99,Nehemiah Fassmann,Male,099 Hermina Crossing,15-09-1977,Human Resources,$1956.87
100,Les Germann,Male,8347 Delladonna Pass,26-06-1992,Legal,$1746.90
101,Irvine Duff,Genderqueer,1799 Homewood Center,30-04-1982,Product Management,$1084.16
102,Leyla Littlemore,Female,45 Dorton Point,06-03-1997,Services,$4525.46
103,Rolfe Inderwick,Male,31 David Place,07-03-1993,Research and Development,$921.68
104,Merry Ancliffe,Male,41 Grayhawk Plaza,11-08-1982,Research and Development,$4581.03
105,Florella Rosenbarg,Female,0443 Everett Hill,03-10-1979,Legal,$4079.34
106,Wilone Houlahan,Female,589 Northport Park,17-06-1995,Training,$1831.80
107,De Wolstenholme,Female,9 Armistice Way,22-01-1979,Support,$4005.70
108,Valentino Fardell,Male,2654 Duke Parkway,11-10-1973,Services,$3932.17
109,Biddie Heiden,Female,7922 Scott Center,24-03-2000,Services,$2359.16
110,Berkie Gatheridge,Male,33 Manley Lane,09-03-1983,Support,$2164.44
111,Donavon Quinevan,Non-binary,58 Dahle Parkway,25-11-1977,Human Resources,$3638.82
112,Jewel Tarte,Female,02635 Chive Terrace,17-09-1988,Sales,$2539.47
113,Maxie Malenoir,Male,29 Grayhawk Trail,27-02-1973,Human Resources,$4268.35
114,Sherie Wasylkiewicz,Bigender,694 Laurel Terrace,20-07-1990,Marketing,$4459.50
115,Georgetta Rilings,Female,8 Summer Ridge Junction,02-04-1976,Marketing,$3213.39
116,Nora McCaughey,Female,73305 Shasta Hill,11-04-1996,Human Resources,$4556.83
117,Katharine Bearcroft,Female,87028 Pine View Way,19-08-1988,Human Resources,$1173.93
118,Dallis Seamon,Male,2 Oriole Parkway,02-06-1987,Engineering,$3427.64
119,Gabby Binden,Male,3082 Everett Lane,04-08-1987,Business Development,$3878.58
120,Hartwell Groven,Male,066 Hazelcrest Lane,10-08-1993,Accounting,$906.29
121,Livy Gon,Female,440 Dwight Lane,02-10-1974,Training,$3778.20
122,Townie Reignard,Male,8 North Circle,07-10-1974,Human Resources,$1762.82
123,Frankie Tilt,Male,0403 Stang Plaza,11-06-1989,Marketing,$2879.20
124,Payton Broadis,Male,367 Oakridge Street,12-05-1972,Engineering,$4880.99
125,Alta Rozenzweig,Female,01597 Prentice Hill,22-02-1994,Training,$1920.04
126,Perl Eccott,Female,9180 Myrtle Hill,17-07-2000,Services,$2135.47
127,Arda Lecordier,Female,84695 6th Trail,25-12-1991,Product Management,$2532.81
128,Haskel Gallard,Male,14090 Corscot Court,27-03-1998,Business Development,$786.05
129,Glenden Gwinnel,Male,0514 Westerfield Center,17-03-1983,Services,$959.28
130,Jeromy Boutellier,Male,0 Novick Junction,06-01-1972,Marketing,$4169.75
131,Robb Gilbank,Male,51914 Lakeland Plaza,30-07-1997,Support,$4830.10
132,Louis Perott,Male,90925 Sauthoff Plaza,02-01-1996,Engineering,$3689.24
133,Lyndsay Hassett,Female,3 Bonner Lane,06-08-1977,Sales,$3658.60
134,Bridie Walklate,Female,611 Transport Park,22-10-1974,Research and Development,$3272.14
135,Alfons Bartoszewicz,Male,07 Basil Junction,03-03-1982,Accounting,$2988.51
136,Kelley Streader,Male,7849 Washington Hill,24-11-1985,Marketing,$1764.37
137,Chariot Logie,Male,30 Basil Street,05-03-1978,Services,$4811.54
138,Teena Hunstone,Female,407 Portage Pass,31-10-1971,Support,$4016.61
139,Vina Tonepohl,Female,9 Colorado Point,01-10-1984,Engineering,$2695.94
140,Brod Persich,Genderqueer,43748 Di Loreto Parkway,23-08-1998,Product Management,$2186.69
141,Brenda Westlake,Female,850 Delaware Plaza,29-07-1975,Business Development,$3710.88
142,Clemmie Balazot,Male,97 4th Plaza,02-12-1981,Marketing,$1503.56
143,Meridith Tovey,Female,57526 Marquette Center,06-11-1971,Engineering,$2887.55
144,Moss Pellant,Male,771 Grover Drive,23-06-1974,Product Management,$3165.42
145,Wendy Rooze,Female,3390 Lake View Trail,22-08-1989,Product Management,$2427.42
146,Galvan Colling,Male,4 Cody Alley,06-07-1979,Support,$1076.68
147,York Petrasso,Male,714 Moland Hill,04-10-1982,Sales,$2042.88
148,Valli Dreossi,Female,99 Shopko Trail,11-02-1981,Business Development,$3703.87
149,Rayna Huck,Female,151 Westport Lane,23-06-1992,Accounting,$2642.85
150,Catharina Mably,Female,041 Susan Street,09-05-1995,Research and Development,$4191.71
151,Lebbie de Keep,Female,3204 Bartillon Trail,07-04-1982,Training,$3135.46
152,Blakelee Whimp,Female,5623 Merrick Road,22-11-1985,Support,$3323.14
153,Avigdor Cahani,Male,43767 Westridge Alley,22-06-1990,Human Resources,$4374.33
154,Cherice Bulleyn,Non-binary,58 Corry Junction,10-10-1982,Legal,$1003.62
155,Giacomo Gyver,Male,219 Anhalt Terrace,14-01-1989,Marketing,$4995.59
156,Findlay Velte,Polygender,36943 Northridge Circle,15-04-1992,Research and Development,$4340.38
157,Suzann Copnell,Agender,34285 Grover Drive,27-11-1974,Legal,$2769.39
158,Justen Perrelle,Male,7 Mallory Street,20-01-1997,Engineering,$1355.94
159,Sergeant McMurty,Male,9642 Delladonna Circle,25-07-1985,Product Management,$1258.56
160,Gilberte Castelot,Female,1830 Doe Crossing Way,25-08-1998,Sales,$2318.83
161,Nara Studdal,Female,964 Graceland Court,15-02-1989,Services,$4415.95
162,Waite Kliesl,Male,177 Sherman Plaza,05-12-1977,Services,$3384.89
163,Jeremiah Chrichton,Non-binary,1982 Oak Crossing,01-12-1974,Research and Development,$4360.55
164,Melva Cowser,Female,3 Jenifer Hill,26-05-1980,Support,$1065.04
165,Jayme Senten,Male,6215 Graedel Point,13-11-1976,Training,$4193.56
166,Reuven Nelius,Male,2780 Susan Plaza,28-12-1993,Support,$2413.81
167,Amerigo Domnick,Male,70459 Stephen Alley,01-09-1991,Product Management,$3381.26
168,Bax Fugere,Male,38736 Jana Pass,19-09-1991,Accounting,$2711.63
169,Hercules Thursby,Bigender,607 Acker Junction,19-04-1971,Human Resources,$3979.06
170,Davis Kittley,Male,5320 Kropf Lane,31-01-1984,Accounting,$1552.39
171,Averyl Plumer,Female,787 Hoard Junction,10-02-1976,Product Management,$2934.82
172,Marline Cobden,Female,20271 Waxwing Pass,04-07-1980,Training,$1502.98
173,Layne Aldwich,Female,6 Loeprich Park,30-09-1984,Accounting,$4162.80
174,Timotheus Ceaplen,Male,85595 Starling Point,23-04-1997,Sales,$2895.92
175,Keen Forlonge,Male,50 Carey Road,16-12-1980,Training,$1033.26
176,Courtnay Summons,Male,3 Vera Road,25-12-1983,Support,$985.37
177,Karna Cashley,Female,9 Morningstar Junction,03-06-1983,Product Management,$2302.37
178,Rodge Glasscott,Male,07 Cascade Parkway,04-11-1982,Research and Development,$3653.27
179,Benedikta Weadick,Female,59 Bellgrove Parkway,12-12-1982,Human Resources,$2716.87
180,Blake Drayn,Male,7 Melvin Court,28-06-1980,Training,$1152.74
181,Kenon Tomkiss,Male,8470 Forest Run Junction,24-02-1975,Engineering,$616.58
182,Drud Harcase,Male,1490 Basil Court,16-01-1985,Legal,$2077.71
183,Lind Datte,Male,386 Moulton Street,02-03-1997,Training,$658.98
184,Alan Matityahu,Male,3416 Grayhawk Trail,21-08-1978,Research and Development,$1479.83
185,Danice Barlace,Female,517 Weeping Birch Point,15-06-1971,Sales,$4342.74
186,Desi McAvinchey,Male,09 Fisk Center,23-03-2000,Marketing,$2643.69
187,Keith Roffe,Non-binary,4078 Morningstar Alley,31-01-1992,Research and Development,$4847.80
188,Yvette Strugnell,Female,97360 1st Terrace,02-02-1981,Engineering,$3236.52
189,Devonne Edgerly,Agender,5962 Bartillon Avenue,30-08-1987,Marketing,$4350.83
190,Auberon Gutcher,Male,6 Huxley Crossing,17-08-2000,Training,$3163.53
191,Logan Weller,Male,4627 Larry Plaza,22-11-1977,Research and Development,$2937.24
192,Gil Darragon,Male,137 Park Meadow Park,22-02-1974,Marketing,$1610.43
193,Philly Winsome,Female,4 Ludington Court,28-07-1983,Services,$1086.71
194,Shaylyn Keasy,Genderfluid,332 Russell Street,30-12-1998,Accounting,$2334.80
195,Bartholomew Muncey,Male,1 Nobel Circle,26-07-1981,Product Management,$4004.42
196,Bud Harrald,Male,7 Norway Maple Crossing,07-04-1987,Human Resources,$3515.62
197,Wesley Domenge,Male,6 Swallow Circle,19-09-1983,Product Management,$2699.93
198,Brittany Marien,Female,36707 Meadow Ridge Center,13-01-1986,Business Development,$4231.30
199,Ferdinand Gooley,Male,54 Marquette Trail,25-07-1983,Training,$4227.24
200,Sheffield Moylane,Male,3 Dunning Park,08-08-1973,Engineering,$2251.12
201,Edythe Maplethorp,Female,6 Charing Cross Junction,13-08-1991,Business Development,$2191.48
202,Svend Yorston,Male,7 Superior Trail,21-08-1973,Business Development,$1821.97
203,Jane Gulliford,Female,52890 Di Loreto Plaza,02-09-1980,Sales,$4356.90
204,Faunie Smallshaw,Female,4 Eastwood Pass,18-06-1994,Engineering,$4873.29
205,Preston Erskine Sandys,Male,3851 Kipling Place,27-01-1991,Research and Development,$3502.41
206,Valaria Curgenuer,Female,4844 Golden Leaf Street,11-02-1979,Services,$1243.49
207,Anet Joderli,Female,3 Glacier Hill Circle,25-03-1972,Research and Development,$4603.81
208,Andros Waistall,Male,6 Washington Road,26-02-1990,Legal,$893.08
209,Judah Keeney,Non-binary,98182 Anthes Place,15-08-1995,Support,$2917.87
210,Jesse O'Loghlen,Female,70 Oneill Way,24-07-1973,Product Management,$1855.31
211,Thornton Grishaev,Male,8480 Farragut Drive,10-08-1990,Sales,$3232.07
212,Adelheid Sutcliffe,Female,53078 La Follette Street,17-07-1999,Human Resources,$4833.30
213,Johnath Picard,Bigender,13 Eagan Alley,29-03-1975,Sales,$4381.17
214,Sherwood Bearman,Male,25156 Wayridge Pass,22-11-1989,Training,$1244.93
215,Marjory Curedell,Female,38 Ruskin Way,07-07-1996,Product Management,$4623.36
216,Abner Mortell,Male,7 Blackbird Lane,16-05-1994,Legal,$2163.26
217,Enid Rosle,Female,491 Spohn Court,17-05-1981,Legal,$1843.60
218,Ania Fellgatt,Female,4392 Karstens Alley,01-09-1988,Sales,$2495.24
219,Cristabel Manns,Female,119 Cambridge Circle,14-05-1990,Accounting,$4825.21
220,Abbie Neames,Male,97454 Thackeray Park,27-04-1978,Training,$4978.80
221,Sunny Steinhammer,Male,1 Graceland Road,01-01-1982,Business Development,$923.91
222,Jayne Sanbrook,Female,57031 Kim Avenue,25-01-1978,Sales,$4120.48
223,Kathrine Eilhertsen,Female,69487 Fairview Road,24-06-1978,Research and Development,$2165.81
224,Ralph Grigorian,Polygender,911 Fisk Center,05-07-1974,Marketing,$2533.03
225,Leta Austen,Female,7695 Cambridge Parkway,08-03-1991,Business Development,$1029.32
226,Sarge Vokes,Genderqueer,316 Birchwood Court,04-11-1977,Services,$1722.11
227,Brewer Juris,Male,27076 Dennis Hill,11-11-1996,Services,$3621.50
228,Muffin Antoons,Female,016 Dakota Circle,26-06-1978,Marketing,$3539.10
229,Clio Celes,Non-binary,9 Kennedy Junction,11-06-1996,Research and Development,$1378.07
230,Ephrayim Dury,Male,508 Portage Plaza,15-02-1996,Accounting,$3598.07
231,Dione De Michetti,Female,973 Sherman Hill,21-12-1975,Research and Development,$3302.76
232,Viviene Gildea,Female,7626 Hoepker Terrace,13-10-1973,Research and Development,$4308.88
233,Gunther Borkin,Male,81 Buell Drive,01-10-1992,Training,$1840.32
234,Bank Bumford,Male,613 Thompson Drive,26-01-1986,Research and Development,$3410.47
235,Callie Ensor,Non-binary,6678 Clemons Street,14-11-1996,Product Management,$4571.07
236,Karleen Briscoe,Female,84 Hovde Parkway,04-06-1971,Support,$4572.45
237,Elie Samweyes,Female,35692 Sunbrook Crossing,25-12-1978,Engineering,$4623.09
238,Flin Braisby,Male,8 Onsgard Trail,15-07-1985,Business Development,$1720.11
239,Kerwinn McCafferky,Male,48 Graceland Pass,25-06-1987,Product Management,$2224.45
240,Estevan Staniland,Male,0 Anthes Terrace,11-02-1988,Product Management,$3142.29
241,Charlot Friman,Female,65046 Warrior Street,17-08-1976,Training,$604.52
242,Ody Magrannell,Male,57129 Doe Crossing Road,01-07-1971,Human Resources,$4408.86
243,Kessiah Larner,Female,365 Macpherson Crossing,01-03-1987,Human Resources,$1627.67
244,Coleman Le Breton,Male,4 Cottonwood Hill,01-06-1984,Business Development,$1074.18
245,Grenville di Rocca,Male,80 Melody Pass,01-03-1971,Research and Development,$2541.14
246,Lesli Effnert,Female,638 Packers Park,17-02-1973,Training,$2330.70
247,Emili Willers,Agender,5061 Sheridan Court,06-07-1999,Human Resources,$3619.99
248,Alecia Biermatowicz,Female,59 Iowa Point,28-08-1979,Engineering,$3780.90
249,Althea Kern,Female,856 Ridgeway Park,27-03-1989,Legal,$4078.07
250,Morey Pyecroft,Male,1559 Parkside Park,17-06-1981,Legal,$2539.47
251,Murielle Roche,Female,25 Hollow Ridge Way,13-03-1998,Business Development,$4653.08
252,Jerrilyn Yitshak,Female,8 Jenifer Drive,18-01-1983,Training,$2074.08
253,Locke Haskell,Male,776 Ryan Terrace,31-08-1992,Legal,$1812.88
254,Giuseppe Tomeo,Male,1504 Arizona Street,28-12-1985,Human Resources,$1980.48
255,Reginald Lailey,Genderqueer,46880 Thackeray Park,02-06-1989,Legal,$2111.35
256,Catha Winks,Female,35 Hollow Ridge Plaza,18-09-1993,Sales,$3147.19
257,Krissie Malacrida,Female,6127 North Street,14-01-1987,Accounting,$1653.39
258,Garvin Yeeles,Male,98931 Bultman Way,24-07-1974,Human Resources,$2150.86
259,Diarmid Gravey,Male,939 Ridgeview Park,17-05-1986,Product Management,$1581.70
260,Merola Staresmeare,Female,2250 Cody Drive,01-02-1976,Product Management,$3804.23
261,Chariot Cunniam,Male,008 Spenser Park,17-01-1977,Legal,$3369.58
262,Cairistiona Dugue,Genderqueer,7 Rutledge Point,27-12-1988,Services,$2005.87
263,Michaela Kelcey,Female,88473 Spaight Parkway,05-06-1996,Accounting,$3518.35
264,Winonah Morrison,Female,9 Saint Paul Point,06-04-1974,Support,$1928.95
265,Farica Applegate,Female,34 Village Green Road,20-05-1998,Product Management,$2801.34
266,Shelton O'Clery,Male,70042 Caliangt Center,02-08-1993,Accounting,$637.62
267,Westbrook Youd,Male,37494 1st Lane,15-07-1999,Training,$1258.80
268,Georgi Mirralls,Male,41777 Golf Course Way,12-10-1987,Training,$2964.23
269,Loree Matas,Female,662 Canary Junction,28-06-1985,Marketing,$3964.00
270,Felicio Penton,Male,261 Stone Corner Trail,06-07-1987,Engineering,$4968.44
271,Eustacia Raycroft,Genderfluid,3779 Sloan Crossing,08-01-1977,Research and Development,$3915.12
272,Gun MacCarter,Male,4 Memorial Road,18-01-1993,Engineering,$4645.83
273,Lian Dunton,Female,429 Straubel Plaza,27-04-1972,Training,$4676.89
274,Brandise Gerraty,Female,98628 North Crossing,27-03-1984,Engineering,$4263.57
275,Malachi Downage,Male,8604 Sullivan Terrace,27-04-1977,Services,$706.60
276,Shelden Farrens,Male,00878 Granby Park,08-08-1999,Research and Development,$3021.46
277,Stefano Clymo,Male,150 Kingsford Place,29-03-1973,Product Management,$2603.55
278,Alexio Tye,Male,7 Monica Street,27-06-1994,Training,$1559.38
279,Ezequiel Cowdroy,Male,874 Dawn Park,19-03-1982,Research and Development,$2685.32
280,Rena Astridge,Female,2 Hayes Terrace,04-12-1993,Business Development,$924.55
281,Cathleen McGeoch,Female,7796 Clarendon Park,06-04-1987,Services,$3454.60
282,Burk Trevino,Male,3 Nelson Hill,29-03-1971,Product Management,$3059.99
283,Britteny Mithon,Female,19747 Corben Circle,25-12-1973,Product Management,$2804.03
284,Maxine Nathan,Female,71374 Banding Trail,31-08-1989,Engineering,$1067.51
285,Hervey Kilbourn,Male,5 Mariners Cove Lane,04-11-1980,Human Resources,$1469.52
286,Kari Bardill,Female,8 Cherokee Center,12-02-1990,Product Management,$3304.26
287,Leora Ryburn,Female,1 Eastwood Avenue,18-07-1996,Support,$2023.70
288,Audrie Cahillane,Non-binary,49937 Farmco Lane,26-11-1999,Training,$2345.31
289,Earle Clemas,Male,64069 Corscot Lane,13-02-1994,Engineering,$4546.85
290,Clarisse Russam,Female,77 Blue Bill Park Center,23-02-1984,Services,$4740.92
291,Yank Acreman,Male,275 Kinsman Parkway,02-03-1973,Training,$4269.52
292,Cortney Caplin,Female,1 Mallard Terrace,27-02-1982,Accounting,$1227.86
293,Virgilio Calfe,Male,366 Longview Junction,01-01-1976,Support,$2126.66
294,Maisie Titmuss,Female,82 Rockefeller Center,15-10-1986,Sales,$616.69
295,Josephine Bour,Female,9470 Corry Court,30-12-1999,Product Management,$3273.48
296,Dick Gryglewski,Male,48096 Luster Trail,19-08-1985,Support,$2495.01
297,Drake McSperrin,Male,3996 Russell Court,01-08-1997,Engineering,$4624.95
298,Corny Spadollini,Male,55 Sycamore Terrace,02-01-1998,Support,$3427.33
299,Cordi Rawnsley,Female,6 Duke Plaza,17-09-1987,Marketing,$2493.34
300,Andrea McFaul,Female,5234 Glendale Hill,08-03-1991,Research and Development,$3958.94
301,Matthias Logg,Male,79871 Stuart Circle,14-12-1980,Legal,$3662.30
302,Colette Overbury,Female,6 Nancy Street,25-02-1971,Research and Development,$1186.59
303,Ruthann Jeannel,Female,01 Morrow Alley,31-10-1975,Support,$1986.51
304,Lemuel Snook,Male,64591 Weeping Birch Circle,30-07-1997,Research and Development,$2403.73
305,Vicki Ranscome,Female,167 Gale Avenue,12-12-1981,Business Development,$4202.97
306,Shelley Brumfield,Female,94452 Fallview Crossing,12-06-1971,Business Development,$3106.93
307,Andrea Whatman,Male,421 Longview Park,25-06-1988,Services,$966.75
308,Berti Flounders,Male,2313 Oak Valley Road,10-06-1988,Engineering,$4864.62
309,Cicely Gozney,Female,9719 Tennyson Trail,17-05-1977,Sales,$1351.33
310,Hewitt Ledington,Male,153 Dryden Terrace,26-06-1976,Accounting,$3821.90
311,Emlynne Murkus,Female,2881 Bunting Court,03-03-1986,Support,$3858.35
312,Pebrook Klempke,Male,9 Porter Park,24-04-1987,Engineering,$947.75
313,Yvor Press,Male,4104 Westport Alley,24-02-1988,Accounting,$2530.20
314,Rolph Ladon,Male,5464 Declaration Alley,17-11-1978,Services,$2896.69
315,Diandra Vannuccinii,Female,5 Center Hill,11-10-1983,Sales,$811.82
316,Arther Skipworth,Genderfluid,1 Lakewood Gardens Street,12-08-1985,Training,$1656.18
317,Gram Philpots,Male,11 Warbler Lane,16-09-1981,Human Resources,$3987.29
318,Haskel Gouny,Male,0897 International Park,01-08-1984,Training,$1457.25
319,Neils Trime,Male,53418 Browning Alley,08-10-1983,Product Management,$1254.35
320,Kaleena MacDuffie,Female,8087 Dottie Road,03-08-1997,Training,$3744.45
321,Ron Franckton,Male,9 Dwight Center,23-01-2000,Marketing,$1041.99
322,Emlyn Rudgley,Male,1 Sugar Hill,13-09-1983,Marketing,$1588.12
323,Shoshana Nassie,Female,66923 Barnett Center,15-03-1982,Research and Development,$819.26
324,Morgen Hissett,Male,238 Armistice Plaza,27-09-1996,Marketing,$889.59
325,Tobye Kave,Female,2399 Lakeland Road,06-11-1991,Product Management,$4983.23
326,Justino Pranger,Male,6312 Spaight Drive,30-01-1971,Legal,$1707.45
327,Carley Oxbury,Female,35 Waubesa Pass,16-12-1994,Human Resources,$4098.04
328,Padget Kenyam,Male,7450 Union Terrace,20-05-1974,Legal,$1174.00
329,Ed Worsnup,Male,5 Golf Alley,07-09-1990,Product Management,$1467.58
330,Jaynell Gilardi,Female,6 Southridge Center,10-06-1991,Product Management,$1477.96
331,Alvan MacClay,Male,994 Sauthoff Trail,01-11-1989,Business Development,$2607.94
332,Dari Costard,Female,5214 Bultman Street,14-08-2000,Legal,$4279.44
333,Hillery Scandred,Male,4852 Westridge Road,13-09-1977,Product Management,$2680.84
334,Reeva Cajkler,Female,81311 Holy Cross Pass,13-05-1983,Business Development,$2672.48
335,Gerick Furneaux,Non-binary,9018 Bartelt Way,07-05-1987,Marketing,$1100.18
336,Gisela Gilman,Female,64 Beilfuss Alley,29-07-1993,Marketing,$2817.19
337,Koralle Grafhom,Female,18769 Rusk Center,07-01-1979,Engineering,$3612.49
338,Horton McBain,Male,1970 Dakota Hill,12-04-1992,Business Development,$4492.81
339,Lynelle Seeks,Female,8 School Way,20-01-1998,Engineering,$2440.52
340,Dur Jorczyk,Male,9 Mallard Drive,23-10-1991,Accounting,$4123.62
341,Winnah MacKettrick,Non-binary,1095 Declaration Lane,10-03-1999,Business Development,$2630.89
342,Wakefield Ugoletti,Male,1259 Corry Lane,28-10-1994,Support,$728.88
343,Henriette May,Female,5276 Eliot Street,11-11-1985,Support,$2674.33
344,Norbert Pocock,Male,75 Pond Court,25-10-1981,Accounting,$2367.95
345,Allen Shubotham,Male,9 Valley Edge Place,30-09-1978,Accounting,$3166.35
346,Adolpho Denkin,Male,1 Atwood Hill,09-05-1990,Business Development,$2492.05
347,Marlow Esmond,Male,433 Homewood Court,21-10-1973,Human Resources,$1509.46
348,Christiano Mundow,Male,0 Kropf Way,14-07-1988,Support,$1096.10
349,Marga Shorten,Female,617 Chinook Alley,23-11-1988,Training,$1056.62
350,Dorian Tomkies,Male,90208 Sutteridge Drive,12-03-1979,Engineering,$818.97
351,Moises Platt,Male,06828 Sage Parkway,16-06-1978,Marketing,$2954.23
352,Cary Divill,Female,0227 Moulton Center,12-12-1978,Product Management,$1011.96
353,Donny Barensky,Male,00 Barby Terrace,02-09-1979,Business Development,$3890.07
354,Sergeant Cutmere,Male,4 Fuller Street,14-12-1979,Product Management,$1606.56
355,Bibbye Brodway,Female,8654 Warner Way,07-09-1983,Human Resources,$4423.72
356,Jaquelyn Heyns,Non-binary,5 Northwestern Trail,13-03-1971,Human Resources,$3440.57
357,Victoria Blaskett,Female,1533 Lighthouse Bay Crossing,06-09-1971,Support,$1767.55
358,Darsie Eilert,Female,4 Montana Park,28-12-1979,Sales,$2748.50
359,Guthrie Spurriar,Male,73 Dovetail Park,31-07-1997,Human Resources,$3526.10
360,Reeba Fearnley,Female,41116 Cambridge Junction,26-01-1997,Sales,$1487.97
361,Jandy Farnin,Female,29 Iowa Alley,08-08-1994,Legal,$2610.88
362,Edouard Splain,Male,9994 6th Avenue,08-02-1980,Product Management,$3448.69
363,Doro Absolem,Female,18 John Wall Way,05-04-1975,Services,$3492.93
364,Ermina Gianettini,Female,268 Arkansas Plaza,13-08-1971,Human Resources,$4021.29
365,Ashlen Canas,Female,27283 Caliangt Lane,28-10-1990,Accounting,$4298.52
366,Vi Gynni,Female,06668 Florence Hill,05-12-1984,Services,$4454.14
367,Matthus Garlinge,Male,7249 Londonderry Way,25-07-1990,Accounting,$658.77
368,Ralina Mouncher,Agender,87185 Pleasure Circle,16-01-1992,Research and Development,$3260.42
369,Elinor Spours,Female,849 Atwood Hill,27-03-1996,Engineering,$815.06
370,Delcina Killerby,Female,61201 Nobel Trail,31-12-1991,Services,$4131.02
371,Jonathon Flatman,Male,8696 Meadow Valley Avenue,30-09-1995,Legal,$1320.24
372,Merell Rexworthy,Male,66294 Farragut Road,09-05-1994,Services,$1581.66
373,Cris Gilbane,Female,7 Doe Crossing Pass,28-07-1974,Research and Development,$4868.81
374,Katrinka Gulc,Female,9 Union Park,06-10-1976,Legal,$4745.98
375,Zenia Folder,Female,1 Sommers Alley,06-08-1980,Support,$2727.23
376,Berton Couling,Male,484 Meadow Vale Court,09-09-1974,Services,$3963.35
377,Ingmar Minerdo,Male,841 Spaight Court,24-08-1985,Product Management,$3580.36
378,Paolo Feek,Male,2 Brickson Park Way,29-03-1992,Training,$1545.74
379,Odessa Titherington,Female,13576 Main Lane,11-11-1982,Sales,$1772.54
380,Colin Marciskewski,Male,89925 Buhler Street,24-10-2000,Services,$2339.21
381,Filberte McElree,Male,235 Hovde Hill,19-06-1978,Accounting,$2958.06
382,Gustavo Scimone,Male,319 Sachtjen Center,25-03-1974,Business Development,$4311.31
383,Clarabelle Hugonet,Female,272 Arrowood Drive,26-04-1980,Accounting,$4276.51
384,Daniela Trobey,Female,4 Luster Road,07-03-1977,Product Management,$2691.82
385,Clarice Hails,Female,9904 Lakewood Gardens Drive,24-05-1985,Marketing,$4017.34
386,Ranice Alexandersen,Genderqueer,4 Brentwood Point,15-02-1998,Product Management,$2846.40
387,Em Greeno,Female,3169 Green Trail,29-09-1983,Sales,$670.04
388,Ethelyn Graysmark,Female,81022 Grim Lane,08-02-1979,Engineering,$1994.14
389,Matteo Enstone,Male,13685 Garrison Junction,30-01-1992,Legal,$935.89
390,Cairistiona Hazleton,Female,7496 Bluejay Way,13-08-1994,Accounting,$4014.40
391,Isa Jackman,Male,0 Garrison Pass,09-10-1987,Accounting,$1291.50
392,Anastasie de Tocqueville,Female,3 Kennedy Park,12-01-1980,Services,$3764.69
393,Edik Gilardi,Male,17 Pankratz Place,21-06-1989,Support,$2316.27
394,Fifi Jayne,Female,02 Vahlen Terrace,28-03-1985,Marketing,$1535.70
395,Chaddy Itzkowicz,Male,475 Declaration Court,31-05-2000,Marketing,$1597.75
396,Juana D'eye,Female,7252 Weeping Birch Crossing,12-07-1972,Engineering,$4721.42
397,Karin Moores,Female,4 Village Green Plaza,01-11-1971,Engineering,$1607.35
398,Maxi Deniseau,Female,583 Hansons Way,21-07-1993,Support,$3145.31
399,Annetta Hulke,Female,65 Scoville Park,15-05-1994,Accounting,$4490.57
400,Thedric Larciere,Male,99 Buell Junction,03-02-1981,Accounting,$723.51
401,Mile De Hooge,Male,767 Moulton Court,21-03-1990,Engineering,$3630.45
402,Myrtia Izzett,Polygender,52258 Maple Wood Crossing,29-04-1994,Accounting,$2520.31
403,Eddie Bridgewater,Female,77067 Dakota Crossing,12-01-1978,Business Development,$1688.57
404,Candie Partkya,Female,3 International Pass,30-08-1993,Human Resources,$605.04
405,Hillel MacRitchie,Male,4930 Stone Corner Center,15-01-1983,Accounting,$1086.12
406,Wilmette Cheale,Female,59223 Grim Center,21-01-1989,Marketing,$3059.83
407,Teodorico Fleury,Agender,5 Holmberg Trail,21-06-1983,Support,$2621.50
408,Sinclair Berdale,Genderqueer,4 Old Shore Drive,10-11-1977,Research and Development,$3082.61
409,Caleb Carneck,Male,17 Grayhawk Lane,28-05-1985,Engineering,$2037.66
410,Misty Picard,Female,2 Stuart Drive,11-08-1994,Research and Development,$4244.35
411,Kaylyn Quirk,Female,20 Hintze Street,17-11-1973,Research and Development,$3098.81
412,Vere Gregan,Female,530 Corben Court,05-02-1996,Marketing,$1530.45
413,Edik Dericut,Male,79709 Summerview Crossing,26-12-1994,Training,$2521.18
414,Knox Luppitt,Non-binary,2069 Kropf Point,16-11-1976,Legal,$859.50
415,Lexie Gerhold,Female,20 Holmberg Crossing,11-03-1979,Sales,$1980.70
416,Chrissy Sanpere,Female,17621 Tony Circle,29-04-1988,Legal,$1113.47
417,Irv MacFayden,Genderfluid,8 Miller Lane,28-10-2000,Sales,$2024.98
418,Spike Bramhill,Male,21746 Cottonwood Hill,06-09-1989,Legal,$1950.45
419,Kristopher Coon,Male,371 New Castle Court,11-01-1994,Human Resources,$3079.77
420,Hilton Dallas,Male,5 Lawn Point,04-06-2000,Services,$2530.45
421,Randy Calderon,Male,8495 Golf View Place,15-07-1987,Business Development,$1928.90
422,Gilburt Loft,Male,9 Killdeer Center,16-10-1974,Training,$610.15
423,Nichole Pendlenton,Female,42561 Straubel Point,26-03-1972,Training,$3281.62
424,Emanuele Stidworthy,Male,017 Carioca Alley,18-06-1996,Accounting,$3878.24
425,Craggy Shovlin,Male,26 Kings Drive,03-01-1985,Business Development,$2325.22
426,Ingelbert Deegin,Male,022 Packers Point,11-02-1976,Business Development,$2662.13
427,Brandyn Kneel,Male,70 Pepper Wood Parkway,09-11-1979,Accounting,$3976.79
428,Milicent Falco,Female,8517 Marquette Crossing,07-04-2000,Research and Development,$4525.69
429,Lizzy Madoc-Jones,Female,21 Jenifer Alley,17-10-1996,Sales,$2977.99
430,Bobine Paulin,Female,4 Forster Road,03-12-1977,Marketing,$3360.82
431,Benjamin Della,Male,40638 Lakewood Gardens Center,12-01-1977,Marketing,$1582.89
432,Paquito Langmaid,Male,0 Porter Crossing,10-05-1993,Legal,$4817.10
433,Helen MacCaffery,Female,49208 Dorton Point,06-04-1971,Marketing,$4498.66
434,Teresa Crosby,Female,78800 Brickson Park Way,29-04-1979,Product Management,$4683.79
435,Delano Jersch,Male,6 Sloan Lane,21-08-1979,Research and Development,$2701.98
436,Lucky McGraith,Female,652 Burning Wood Point,11-05-1974,Human Resources,$2204.07
437,Vannie Comiam,Female,1 Kensington Road,18-03-1981,Support,$4997.87
438,Olenka Vannuchi,Female,703 Helena Drive,25-08-1977,Services,$1286.11
439,Ki Theml,Female,41 Continental Avenue,26-04-1974,Product Management,$2139.40
440,Charles Dalling,Male,75 New Castle Plaza,02-03-1995,Accounting,$4976.71
441,Vannie Jaimez,Female,77 Ronald Regan Park,02-04-1995,Engineering,$1934.47
442,Layne Torbett,Female,6190 Dakota Junction,14-07-1971,Legal,$1821.92
443,Ema Peschka,Female,74 Nancy Circle,19-04-1979,Sales,$1170.11
444,Annabel Ritchings,Female,312 Butternut Parkway,28-04-1980,Services,$4237.88
445,Leland Palluschek,Male,3713 Larry Crossing,08-12-1996,Human Resources,$2045.01
446,Susanne Wilcocke,Female,9636 Northfield Crossing,12-04-1985,Human Resources,$3595.25
447,Guillaume Graeser,Male,6702 Waubesa Avenue,26-05-1989,Services,$4603.06
448,Lisle Metts,Male,7 Stephen Alley,28-09-1999,Research and Development,$2724.85
449,Gareth Alp,Male,6 Scott Junction,01-10-1974,Human Resources,$2770.23
450,Margit Edmeads,Female,894 Macpherson Trail,25-03-1986,Engineering,$1778.59
451,Byram Matuska,Male,8881 Sloan Park,06-03-1997,Sales,$3444.72
452,Giffer Bulger,Non-binary,85011 Eliot Street,22-09-1998,Marketing,$3573.80
453,Juditha Strethill,Female,8035 School Trail,15-08-1978,Business Development,$2390.14
454,Row Bownes,Female,63 Carioca Center,27-05-1974,Marketing,$4253.58
455,Antonina Charnock,Female,12398 Blue Bill Park Alley,15-02-1971,Legal,$1534.38
456,Gayler Bater,Male,432 John Wall Center,06-01-1978,Training,$4196.86
457,Vasily Kaye,Male,6680 Myrtle Lane,20-07-1999,Legal,$2517.38
458,Delmore Gabbitus,Agender,26 Shelley Trail,19-10-1983,Engineering,$2798.84
459,Alyda Purcell,Female,20927 Barby Avenue,09-06-1995,Human Resources,$2542.20
460,Jannel Arkill,Genderqueer,0 Bay Lane,10-11-1997,Support,$2654.45
461,Roseline Jewitt,Female,082 Holy Cross Circle,24-11-1980,Marketing,$4930.16
462,Dion Heaven,Female,32 Kinsman Pass,11-04-1978,Services,$1831.59
463,Weidar De Anesy,Male,07367 Mitchell Lane,30-11-1975,Support,$2314.48
464,Jodie Elgram,Male,1716 Larry Terrace,08-05-1992,Engineering,$4660.87
465,Ashly Knoles,Female,16 Commercial Alley,03-04-1981,Marketing,$3989.17
466,Malva Barthot,Female,361 Marquette Trail,05-04-1974,Engineering,$1279.33
467,Deeanne Bosher,Female,04 Holmberg Road,04-10-1990,Support,$2607.97
468,Neile Malling,Female,24758 Grim Plaza,27-02-1979,Human Resources,$2719.82
469,Alisha Crumpton,Bigender,0 Graceland Lane,19-07-1987,Engineering,$2006.76
470,Nikki Ottewill,Female,8419 Holy Cross Alley,13-12-1998,Marketing,$4515.06
471,Eolande Giovanni,Female,763 6th Avenue,19-04-1974,Business Development,$1607.72
472,Kareem Freyn,Male,668 Hudson Parkway,12-01-1980,Training,$3474.73
473,Filide Eastham,Female,526 Pennsylvania Place,12-03-1990,Services,$3827.11
474,Dix Sieghard,Female,1 Buena Vista Point,14-01-1978,Engineering,$881.90
475,Arther Moyne,Male,2 Redwing Pass,28-05-1974,Research and Development,$4001.76
476,Elspeth Attfield,Female,9030 Dexter Street,09-06-1978,Business Development,$4299.84
477,Jacinta McRory,Female,724 Rutledge Point,07-01-1976,Product Management,$3490.18
478,Blaine Duddell,Male,84 Veith Court,23-03-1991,Engineering,$696.49
479,Trixie MacConnulty,Female,31 Stephen Plaza,08-07-1993,Product Management,$1640.96
480,Hedwiga Arias,Female,77 Dennis Terrace,17-08-1995,Support,$1366.46
481,Jethro Halsted,Male,7926 Westerfield Street,03-11-1981,Sales,$1955.50
482,Halsey Ludlow,Male,622 Eastwood Parkway,28-08-1979,Services,$4452.75
483,Trixy Yarker,Non-binary,6070 Anhalt Place,11-04-1996,Accounting,$731.20
484,Rudd Klazenga,Male,9 Iowa Court,09-05-1996,Accounting,$3005.28
485,Benn Whillock,Male,126 Briar Crest Park,15-10-1993,Product Management,$2671.61
486,Jeanette Gammon,Non-binary,14898 Rutledge Crossing,03-01-1973,Accounting,$2247.98
487,Kenny Dinsale,Male,803 Cody Street,02-05-1980,Accounting,$3896.77
488,Loydie Dohmer,Bigender,4 1st Alley,27-07-1978,Services,$2949.21
489,Tonnie Woolger,Male,9101 Center Parkway,31-01-1977,Research and Development,$4542.60
490,Benton Ramsey,Male,210 Meadow Valley Way,28-02-1978,Training,$3719.95
491,Olivier Monget,Male,20622 West Pass,23-01-1990,Support,$2930.46
492,Sid Gallelli,Male,0 Shasta Pass,19-08-1974,Human Resources,$912.79
493,Norine Lovell,Female,5 Sachtjen Street,01-07-1978,Training,$4206.40
494,Morty Shafier,Male,4 Reindahl Road,30-10-1991,Sales,$1723.03
495,Dareen Klewer,Female,8 Mandrake Plaza,20-03-1996,Engineering,$4879.37
496,Frannie Lemme,Female,04781 Mcguire Avenue,25-06-1982,Business Development,$2833.61
497,Eddi Enticott,Female,9013 Brown Pass,05-05-1991,Support,$4157.78
498,Shamus Burtt,Male,7 Crowley Junction,30-06-1998,Services,$4928.71
499,Orelia Blowes,Bigender,3629 Roth Alley,06-03-1978,Marketing,$1466.13
500,Killy Casotti,Male,60772 Union Circle,05-01-1972,Legal,$3002.85
501,Verile Huddlestone,Female,0375 Doe Crossing Lane,06-04-1975,Marketing,$1939.75
502,Celine Bugg,Female,34 Daystar Hill,30-10-1999,Sales,$2115.23
503,Wenonah Dixon,Female,18722 Memorial Avenue,15-01-1977,Marketing,$1978.76
504,Lexine Lorait,Female,99 Lawn Avenue,01-05-1980,Business Development,$1110.31
505,Tate Whitsey,Male,31601 Superior Circle,16-09-1978,Engineering,$635.20
506,Vera Kelloch,Female,83256 Menomonie Crossing,05-06-1997,Business Development,$2785.93
507,Basilius Byrom,Male,74 Acker Parkway,08-11-1992,Training,$2543.20
508,Liana Poles,Female,1590 Briar Crest Avenue,24-04-1984,Marketing,$1682.81
509,Sula Stuckow,Female,2 Ohio Circle,05-10-1977,Business Development,$2286.81
510,Elfrieda Heathcote,Female,40652 Jana Trail,01-12-1992,Support,$1195.67
511,Nelle Pettman,Female,8155 Muir Avenue,12-05-1972,Training,$1914.95
512,Herbie Roughsedge,Genderqueer,3 Nobel Way,02-03-1991,Legal,$2920.42
513,Zared Lawrie,Male,9286 Esch Center,18-10-1974,Research and Development,$1467.54
514,Ricoriki Gaynesford,Male,30463 Toban Way,12-01-1997,Research and Development,$3841.05
515,Ailbert Graver,Male,748 Gerald Crossing,16-05-1971,Human Resources,$3235.39
516,Stanleigh Fradson,Male,33598 Bonner Way,29-06-1986,Sales,$3540.01
517,Ody Wewell,Male,19860 Ridgeway Hill,27-12-1987,Research and Development,$3858.91
518,Emmanuel Devitt,Bigender,294 Shelley Place,28-02-1982,Training,$4334.24
519,Dew Jerosch,Male,31008 Lien Parkway,04-05-1971,Legal,$1121.13
520,Pincas Allaker,Male,12 Farwell Circle,16-02-1971,Business Development,$1616.73
521,Kasper Aleksankin,Male,20 Utah Park,07-09-1973,Services,$4900.65
522,Cherye Stallion,Female,0 Texas Junction,08-04-1993,Services,$1816.11
523,Lucian Bland,Male,26948 Hallows Terrace,15-04-1991,Business Development,$898.61
524,Dagny Brumwell,Male,82 Elmside Place,08-05-1981,Training,$3050.17
525,Laurent Burcher,Male,7 Fairview Center,11-02-1978,Support,$3714.47
526,Andree Ruilton,Female,6 Waywood Terrace,24-10-1974,Legal,$3064.28
527,Ripley Jakel,Male,24192 Holmberg Pass,28-01-1993,Product Management,$4100.72
528,Niki Maingot,Female,64876 Briar Crest Drive,22-09-1980,Training,$3589.10
529,Jerrie Glading,Male,870 Monica Avenue,18-12-1991,Business Development,$4545.89
530,Madalyn Roscam,Female,04 High Crossing Place,03-05-1997,Engineering,$1971.24
531,Oralie Colwill,Female,7003 Maryland Circle,11-05-1972,Research and Development,$3281.16
532,Terri Ackenson,Female,8 Cottonwood Alley,24-12-1976,Engineering,$4737.77
533,Ulrikaumeko Probart,Female,75 Ryan Alley,03-08-1991,Marketing,$2687.40
534,Kaylee Dulin,Female,0118 8th Junction,03-07-1975,Accounting,$4121.44
535,Petronia Pybus,Female,6 Mitchell Alley,16-04-1989,Accounting,$2798.73
536,Garrek Yakuntsov,Male,62 Commercial Parkway,30-08-1971,Marketing,$4290.42
537,Timothy Coggin,Male,664 5th Pass,23-10-1991,Support,$4748.98
538,Teddy Diemer,Male,4 Kings Terrace,24-10-1999,Sales,$1283.42
539,Amandie Piwell,Female,5 Pawling Plaza,16-12-1996,Accounting,$1296.05
540,Mariya Earpe,Female,953 Pearson Crossing,30-09-1986,Accounting,$2006.49
541,Lira Face,Female,61077 Longview Alley,16-05-1971,Research and Development,$1871.86
542,Julee O'Loghlen,Female,2 Morrow Way,06-06-1997,Marketing,$3017.82
543,Greer Oles,Female,44 Cody Circle,13-11-1995,Support,$2922.12
544,Ringo Thireau,Male,75 Hanson Center,27-01-1985,Support,$1718.82
545,Guglielmo MacKimm,Male,54 Kedzie Hill,25-12-1985,Legal,$636.60
546,Curcio Cranshaw,Male,4 Butterfield Park,28-07-1987,Sales,$3032.07
547,Ced Offord,Male,38 2nd Hill,29-01-1987,Training,$782.43
548,Tonia Faull,Female,5704 Mesta Terrace,30-01-1974,Sales,$616.42
549,Isaak Sebright,Male,9644 Eggendart Street,20-11-1987,Marketing,$3213.98
550,Myles Applebee,Male,26761 Stone Corner Alley,14-06-1991,Services,$4735.07
551,Brendis McFee,Male,786 Anthes Court,14-04-1996,Services,$4330.07
552,Kimball Kivits,Male,4251 Arkansas Way,01-08-1979,Engineering,$1129.21
553,Baily Grimbaldeston,Male,9524 Express Trail,19-02-1985,Product Management,$4864.98
554,Philip Scola,Male,1378 Clarendon Lane,18-08-1983,Human Resources,$4820.13
555,Lucian Halifax,Male,955 Dakota Parkway,19-06-1994,Business Development,$3473.82
556,Miquela Vallens,Female,437 Forest Center,15-11-1988,Research and Development,$667.09
557,Georg Freyne,Male,95 La Follette Junction,24-08-1989,Support,$3126.18
558,Phoebe Halloran,Genderfluid,6969 Mosinee Hill,31-07-1985,Support,$3418.49
559,Giorgio Cowley,Bigender,34 Marquette Court,09-04-1988,Accounting,$2872.16
560,Orelia Serjeantson,Female,14 Marcy Crossing,25-01-1999,Legal,$4866.66
561,Isadore Blackleech,Polygender,188 Holy Cross Lane,20-02-1988,Human Resources,$1117.47
562,Marcus Gallifont,Male,0804 Paget Junction,29-05-1994,Engineering,$1234.32
563,Quintana Thebeaud,Non-binary,71 Sundown Park,21-11-1999,Research and Development,$619.92
564,Barnard Paton,Male,2675 Claremont Street,10-10-2000,Human Resources,$2299.06
565,Edwin Palatini,Male,7050 Mayfield Lane,16-05-1979,Marketing,$4519.63
566,Lennard Bruton,Male,7 Farmco Alley,06-02-1976,Product Management,$992.36
567,Rosalie Vicent,Female,05 Union Park,26-08-1991,Legal,$2994.99
568,Avictor Deware,Male,5012 Southridge Point,24-07-1977,Accounting,$787.36
569,Anallise Karby,Female,6 Kinsman Trail,23-01-1972,Product Management,$2299.45
570,Petra McKenna,Female,90 Mandrake Alley,18-02-1988,Services,$4401.23
571,Dolorita Grouse,Female,7 Ryan Way,10-12-1975,Product Management,$1081.49
572,Antonia Agge,Female,22437 Shopko Center,22-10-1979,Business Development,$1355.16
573,Clevey Iveans,Male,14 Hauk Pass,18-10-1989,Business Development,$1341.63
574,Colver Androck,Male,3 Montana Circle,16-12-1974,Training,$2502.51
575,Hewie Dilworth,Agender,1568 Hollow Ridge Pass,11-02-1998,Accounting,$716.35
576,Abagael Cancott,Female,7 Rieder Trail,23-04-1987,Business Development,$3098.09
577,Laurene Belch,Female,58 Lawn Point,19-03-1978,Marketing,$3150.29
578,Kevyn Lamkin,Female,28955 Basil Junction,22-06-1989,Accounting,$1531.60
579,Marybelle Kingsbury,Female,2948 Holmberg Way,08-02-1996,Services,$4621.73
580,Victor Frossell,Male,1 Larry Circle,16-10-1973,Research and Development,$3003.23
581,Bryanty Brisland,Male,6583 Toban Court,20-11-1986,Sales,$1121.44
582,Julianne Maccaig,Female,2047 Burning Wood Way,19-12-1982,Research and Development,$4805.79
583,Trudie Statefield,Female,339 Nancy Junction,16-09-1995,Engineering,$4587.11
584,Alicea Burgin,Non-binary,7276 Hoepker Place,17-08-1992,Legal,$2299.30
585,Ewan Bundy,Male,09 Hazelcrest Parkway,01-04-1981,Marketing,$4648.39
586,Andria Bendson,Female,614 Heffernan Center,25-07-1996,Legal,$4195.74
587,Irv Paslow,Male,5713 Sullivan Alley,05-10-1983,Marketing,$1917.96
588,Philomena Eakeley,Female,122 Memorial Parkway,08-10-1996,Legal,$4769.81
589,Guillaume Bonnyson,Male,0 Acker Street,27-12-1993,Legal,$3119.07
590,Carolyne Farris,Female,25754 Arrowood Center,09-07-1994,Sales,$2756.27
591,Lezley McShane,Male,38621 Porter Parkway,20-05-1979,Legal,$1780.50
592,Althea Bazoche,Female,47929 Jenna Lane,06-12-1976,Training,$2175.39
593,Rodrique Houldcroft,Male,48 Butternut Court,28-04-1990,Support,$627.73
594,Renaud Sylett,Male,75549 Bay Way,27-01-1986,Product Management,$2400.63
595,Mirilla Woolard,Female,33 Bultman Terrace,19-11-1998,Product Management,$1652.64
596,Arabella Lean,Female,42938 Cody Junction,12-09-1986,Training,$716.88
597,Johnath Swindley,Female,6 Bunting Street,02-10-1971,Training,$2703.00
598,Peyter Munro,Male,543 Stephen Crossing,12-01-1971,Human Resources,$1335.19
599,Cull Edensor,Male,8 Dottie Center,16-01-1982,Marketing,$4239.50
600,Vivyanne Rainey,Female,393 Butternut Way,01-02-2000,Product Management,$1975.68
601,Jaquelyn Whitlam,Female,2 Kim Parkway,20-05-1985,Marketing,$1555.24
602,Marybeth Scouler,Female,8065 Thierer Pass,05-08-1993,Marketing,$4339.24
603,Penny Curedell,Genderqueer,44 Blackbird Crossing,07-05-1982,Sales,$769.02
604,Diego Hurle,Male,9 Straubel Hill,20-10-1988,Human Resources,$4577.33
605,Tades Sreenan,Male,48 Fallview Alley,25-01-1996,Business Development,$2719.56
606,Aimee Scambler,Female,6134 Barnett Junction,11-07-1987,Engineering,$4057.62
607,Alvy Routh,Male,24546 Sheridan Plaza,30-01-1996,Training,$876.79
608,Gerome Fishe,Male,6 Pine View Circle,03-01-1984,Training,$3147.07
609,Tomi Capozzi,Female,06 Butternut Circle,18-02-1984,Training,$4711.96
610,Xylia Kellogg,Female,88 Union Circle,30-03-1981,Product Management,$2325.17
611,Sibbie Kaasman,Female,5165 Bayside Road,30-09-1985,Business Development,$937.79
612,Odette Donet,Female,740 Hudson Avenue,23-07-1984,Services,$3536.18
613,Kore Cornford,Female,2 Judy Street,13-05-1987,Accounting,$2269.41
614,Efren De Morena,Male,374 Pond Pass,23-06-1971,Engineering,$663.29
615,Emelina Pitblado,Female,478 Oak Valley Drive,28-07-1999,Support,$4633.53
616,Bartie Stopps,Male,5 Monument Trail,28-01-1975,Business Development,$3890.10
617,Milzie De Beneditti,Female,4 Darwin Park,24-07-1986,Engineering,$2621.55
618,Christiane Matthensen,Female,1677 Prairie Rose Crossing,28-02-1981,Engineering,$4267.46
619,Milzie Tunno,Female,33 Banding Alley,08-03-1992,Research and Development,$916.35
620,Christen Stitson,Female,767 Myrtle Crossing,07-07-2000,Sales,$4182.47
621,Shirlee Darracott,Female,4462 Union Alley,30-09-1987,Engineering,$4259.92
622,Lisabeth MacTrustam,Female,9151 Nelson Court,07-02-1972,Support,$2725.00
623,Reena Farmiloe,Female,0 Loeprich Place,10-06-1998,Accounting,$3906.53
624,Tim Fremantle,Male,04 Thackeray Court,04-06-1996,Business Development,$3381.82
625,Beauregard Durbin,Male,017 Colorado Terrace,08-02-1974,Sales,$3621.68
626,Rasia Jephcott,Agender,6337 Pankratz Crossing,13-06-1980,Sales,$2609.31
627,Rutger Mussolini,Male,31 Raven Place,15-02-1983,Engineering,$3747.42
628,Joey Rickardsson,Male,6967 Red Cloud Place,11-09-1995,Research and Development,$4292.10
629,Sherlock De Filippi,Male,55129 Sycamore Avenue,22-09-2000,Support,$663.28
630,Adrianne Goggen,Female,37 Forest Dale Hill,22-09-1998,Human Resources,$2218.98
631,Cathi Mechem,Female,60360 6th Lane,20-02-1995,Product Management,$875.18
632,Gery Vink,Male,6 Redwing Point,17-08-1988,Human Resources,$4227.56
633,Abdel Hurche,Non-binary,37 Havey Terrace,03-08-1972,Marketing,$3369.48
634,Aluino Temlett,Male,001 Old Gate Street,16-09-1983,Legal,$4386.43
635,Justen Huniwall,Male,95254 Almo Plaza,18-01-1988,Human Resources,$4837.70
636,Franzen Paylie,Male,74 Blaine Court,02-10-1975,Services,$4369.29
637,Florrie Aikenhead,Female,0181 Huxley Plaza,16-04-1973,Support,$4561.33
638,Patrizio Dunton,Male,3 Sage Pass,11-09-1977,Business Development,$4421.49
639,Donall Carlyle,Male,8 Dwight Court,29-02-1996,Marketing,$2435.28
640,Lucy Luquet,Female,56 Swallow Circle,14-02-1983,Sales,$2137.46
641,Brunhilde Zealey,Female,5711 Shelley Pass,27-01-1983,Accounting,$3714.74
642,Nelly Lugg,Female,3677 Farmco Trail,23-08-1999,Marketing,$885.02
643,Hunter Grange,Male,3072 Alpine Park,17-04-1993,Accounting,$814.65
644,Atalanta Figgs,Female,6 New Castle Circle,08-05-1971,Legal,$2152.12
645,Allina Bisp,Female,54745 Corben Lane,14-02-1972,Engineering,$1762.18
646,Darrin Gerrie,Male,9 Scoville Center,29-10-1982,Product Management,$1333.50
647,Ware Gorler,Male,57 Basil Crossing,25-05-1976,Legal,$4841.33
648,Dyana Madders,Female,1 Barby Drive,01-03-2000,Engineering,$3932.91
649,Annamarie Asher,Female,98095 Anderson Street,20-04-1988,Services,$3231.17
650,Bev Beri,Female,2 Browning Junction,15-10-1997,Product Management,$4600.96
651,Roxi Bolles,Female,841 Melvin Court,27-08-1996,Marketing,$1101.74
652,Helli Eddleston,Female,428 Melody Court,07-01-1975,Engineering,$1235.46
653,Nahum Ravenscroft,Male,142 Blue Bill Park Street,18-06-2000,Services,$3756.31
654,Constantine Brimelow,Female,94 Onsgard Place,28-03-1989,Legal,$4341.13
655,Roi Tithacott,Male,8 Morrow Junction,06-12-1990,Marketing,$4600.34
656,Lusa Bengall,Female,36 Bartelt Way,15-03-1996,Product Management,$3342.14
657,Vivienne Rutty,Female,51252 Vernon Street,21-03-1977,Business Development,$4500.71
658,Poppy Conkey,Female,2 Rigney Alley,01-07-1998,Human Resources,$2802.59
659,Donny Rumbelow,Female,227 Reindahl Trail,22-07-1989,Research and Development,$1058.83
660,Daffi Geraldo,Female,27 Melby Street,01-08-1992,Human Resources,$3391.83
661,Randy Cockran,Female,90464 Spenser Parkway,19-09-1993,Sales,$3743.03
662,Corrie Zoanetti,Polygender,380 Gerald Junction,11-11-1981,Sales,$1777.63
663,Margaux Keelin,Female,4724 Melvin Crossing,18-03-1994,Accounting,$4836.30
664,Thayne Penhearow,Male,20397 1st Drive,13-07-1988,Legal,$3175.52
665,Linus Frawley,Male,69 Lerdahl Way,08-08-1975,Sales,$4317.49
666,Graehme Baudino,Male,6 Main Court,13-02-1998,Sales,$2063.13
667,Florie More,Female,29729 Meadow Valley Alley,12-06-1989,Human Resources,$1109.98
668,Jim Milius,Male,905 Starling Center,03-01-1990,Support,$1922.59
669,Sauncho Ploughwright,Male,3 Vidon Junction,24-12-1994,Sales,$2173.21
670,Pebrook MacKaig,Male,28 Artisan Place,14-01-1971,Accounting,$3572.69
671,Jessie Pescod,Male,99116 Reindahl Center,08-03-1975,Human Resources,$4729.36
672,Imogen Guinn,Female,20 Sycamore Circle,25-03-1981,Support,$2130.98
673,Darrel Anetts,Male,046 5th Terrace,17-01-1994,Research and Development,$3711.05
674,Kacie Crafter,Female,6230 Mayer Way,17-08-1988,Research and Development,$3216.33
675,Tiena Antuoni,Female,4 Brickson Park Circle,23-10-1976,Business Development,$1962.98
676,Dedra Langabeer,Female,3960 Nancy Point,12-08-1975,Research and Development,$3717.13
677,Sandi Halton,Female,1 Buena Vista Drive,19-05-1997,Accounting,$3336.66
678,Annabell Dickie,Female,2 Kennedy Junction,23-01-1975,Sales,$3693.70
679,Claiborn Pountain,Male,41 Caliangt Junction,27-06-1973,Support,$3051.64
680,Desirae Bessey,Female,16638 Reindahl Alley,29-10-1977,Engineering,$4454.48
681,Darrell Andreuzzi,Polygender,7876 Coolidge Park,12-10-1991,Product Management,$2019.33
682,Corrine Throughton,Female,1999 Moland Lane,19-11-1971,Business Development,$2352.31
683,Kelwin Scud,Bigender,12810 Garrison Center,10-06-1987,Accounting,$1093.44
684,Boothe Cockley,Male,854 Fieldstone Lane,07-01-1974,Sales,$3747.70
685,Bobbette Ayling,Female,07804 Lighthouse Bay Way,09-09-1971,Sales,$2250.35
686,Piggy Rameaux,Male,1346 Forest Dale Street,29-07-1988,Research and Development,$1460.65
687,Ericha Lints,Female,7 Delaware Pass,09-01-1985,Marketing,$1441.92
688,Cleon Iiannone,Male,5860 Washington Alley,01-05-1974,Training,$4420.99
689,Andonis Spittles,Male,24976 Forest Street,29-07-1981,Sales,$4553.24
690,Jeannette Adey,Female,140 Mifflin Alley,15-06-1991,Sales,$738.93
691,Kristi Ledstone,Female,15 Cody Court,20-04-1996,Sales,$4494.44
692,Kennan Kilfeder,Male,00 Tomscot Lane,22-12-1995,Product Management,$2883.10
693,Alfreda Cashen,Female,0601 Iowa Plaza,13-05-1971,Training,$3549.92
694,Masha Portail,Female,55981 Mccormick Plaza,05-08-2000,Legal,$4760.63
695,Lexie Bullard,Female,18 Mcguire Park,14-05-1997,Accounting,$2739.24
696,Derek Blakes,Male,1 Oxford Avenue,06-05-1975,Engineering,$2566.97
697,Ethelred Rignold,Male,702 Sullivan Junction,14-04-1997,Services,$1760.00
698,Harmonie Stanlake,Genderfluid,6359 Mesta Hill,12-05-1994,Marketing,$2479.79
699,Dody Bebb,Female,23835 Twin Pines Avenue,24-04-1991,Product Management,$2427.18
700,Dorena Meharry,Female,454 Armistice Plaza,18-08-1982,Accounting,$1381.71
701,Lindon Every,Male,3239 Linden Hill,25-10-1977,Research and Development,$2787.43
702,Almeria Tellenbroker,Agender,11 Pearson Way,16-05-1974,Accounting,$1186.50
703,Corny Chesher,Female,46 Anthes Circle,06-03-1986,Business Development,$2318.56
704,Dwayne Eastbury,Male,5019 Nova Lane,24-09-1984,Support,$972.12
705,Tobias Pulteneye,Male,945 Autumn Leaf Circle,17-12-1985,Training,$3795.58
706,Rees Landa,Male,663 Carey Lane,25-01-1998,Sales,$1402.28
707,Pepito Loddy,Male,94 Oxford Point,05-07-1994,Engineering,$1504.71
708,Marmaduke Gibson,Agender,1874 Pennsylvania Lane,23-10-1996,Sales,$3372.54
709,Laryssa Calrow,Female,90224 Stang Plaza,07-07-1989,Engineering,$2022.80
710,Evelyn Daye,Female,0586 Basil Center,02-06-1974,Accounting,$4257.09
711,Marcellina Birtles,Female,77 Hooker Crossing,30-11-1980,Business Development,$3881.77
712,Lana Tick,Female,0552 Glacier Hill Circle,25-03-1992,Legal,$2493.80
713,My Puddin,Male,564 Heath Junction,08-01-1974,Business Development,$4926.96
714,Lavinie Morter,Female,57 Sachs Hill,19-03-1978,Legal,$3709.35
715,Bernardo Leeming,Male,30427 Scofield Drive,10-01-1983,Services,$1060.22
716,Vern Marieton,Male,1595 Maywood Center,28-02-1991,Training,$2241.78
717,Edi Robjents,Female,70 Lindbergh Point,09-07-1978,Legal,$2470.66
718,Gibby Grob,Male,194 Mockingbird Crossing,19-05-1999,Support,$1194.68
719,Edy Burland,Female,60 Forster Point,09-03-1994,Legal,$4561.42
720,Nikola Boullen,Male,47933 Nancy Alley,28-01-1989,Training,$1618.38
721,Cinda Filinkov,Female,257 Novick Circle,16-12-1989,Sales,$3926.48
722,Kristofor Coughlan,Male,386 Sunfield Crossing,21-04-1976,Human Resources,$3703.51
723,Elaina Assante,Bigender,7578 Moulton Parkway,08-07-1983,Accounting,$2143.73
724,Laurella Leggat,Female,3477 Monument Circle,29-06-1996,Legal,$3416.03
725,Garrard Dockrill,Male,8151 Spaight Hill,14-09-1971,Engineering,$1494.42
726,Roddie Rennox,Male,40 Memorial Avenue,08-07-1981,Sales,$2012.20
727,Aeriell Minchinton,Female,22 American Circle,05-08-1977,Training,$703.50
728,Josepha Mocker,Female,1441 Starling Center,03-09-1991,Product Management,$1614.53
729,Tabitha Linton,Female,509 Spohn Parkway,30-04-1972,Product Management,$2887.27
730,Courtney Ashpole,Female,77 Hooker Place,20-08-2000,Legal,$4956.20
731,Jeff McCarney,Male,66 Larry Lane,05-12-1982,Accounting,$2503.22
732,Sidney Faas,Male,502 Shasta Drive,25-12-1982,Research and Development,$4696.29
733,Dion Silbersak,Male,1502 Grasskamp Center,09-12-1994,Services,$4099.35
734,Shellie Stanfield,Agender,8 Gerald Street,07-08-1989,Services,$3494.60
735,Lanna Upham,Female,02388 Warrior Way,17-01-1990,Services,$930.74
736,Benny Trebbett,Male,0 Rieder Avenue,11-06-1990,Legal,$3516.71
737,Sibley Tree,Female,7 Nancy Junction,01-11-1972,Human Resources,$1912.50
738,Ernest Melior,Genderfluid,10536 Manitowish Street,29-01-1977,Support,$1281.77
739,Melisandra Ogers,Female,58738 Pepper Wood Park,10-03-1987,Support,$2219.27
740,Barnie Sheffield,Male,38 Golf Course Crossing,11-08-2000,Sales,$1024.89
741,Rosemonde Angliss,Female,94835 Montana Avenue,10-02-1981,Human Resources,$1821.15
742,Bevon Pattillo,Male,6767 Hagan Trail,20-04-2000,Human Resources,$3250.52
743,Earle Tarbard,Male,4 Mcguire Street,29-06-1974,Product Management,$3293.78
744,Olivette Gronw,Genderqueer,622 Glacier Hill Alley,01-01-2000,Accounting,$2420.84
745,Willem Stemson,Male,2 Forster Point,23-08-1986,Marketing,$4406.41
746,Denver Churchward,Male,8 Laurel Drive,09-08-1985,Sales,$2595.28
747,Harlene Skermer,Female,27 Mesta Pass,27-12-1989,Training,$4971.73
748,Boyd Van der Daal,Male,280 Sugar Plaza,20-10-1976,Product Management,$2872.43
749,Lyndsay Huglin,Female,4985 Kedzie Way,12-10-1989,Marketing,$4217.97
750,Henryetta Clawe,Female,385 Lukken Point,01-08-1994,Legal,$938.53
751,Filide Bumphries,Female,8 Grim Street,23-12-1978,Human Resources,$3498.77
752,Hercules Pedrielli,Male,51594 Meadow Vale Court,11-11-1981,Product Management,$2525.25
753,Tom Stanislaw,Male,8999 Evergreen Trail,30-10-1977,Training,$2126.83
754,Yevette Prinne,Genderqueer,9 Katie Center,20-03-1998,Accounting,$1055.88
755,Netti Liveing,Female,14281 Bonner Place,27-04-1987,Services,$4934.50
756,Nigel Carpenter,Male,9354 Ludington Terrace,02-04-2000,Support,$4890.87
757,Alvis Nicholson,Male,56214 Lillian Road,02-07-1974,Training,$4360.85
758,Sibbie Caghan,Female,72295 Mcguire Center,14-12-1988,Services,$2472.65
759,Leigha Fowlds,Female,5 Acker Plaza,11-12-1987,Marketing,$2324.88
760,Fair Dory,Male,7 Schmedeman Drive,13-10-1982,Product Management,$3026.32
761,Graig Adiscot,Bigender,11866 Esch Pass,26-12-1988,Support,$2020.92
762,Theodosia Venturoli,Female,3 Barnett Street,05-08-1993,Research and Development,$1684.51
763,Jeannine Dundon,Female,68287 Farragut Street,12-06-1990,Services,$3034.85
764,Clair Broke,Male,1 Ronald Regan Way,25-04-1976,Human Resources,$2649.87
765,Lorena Growcott,Female,22 Morrow Drive,13-08-1978,Sales,$2741.40
766,Jobye Biernat,Female,9 Sunnyside Hill,16-11-1982,Product Management,$670.60
767,Veronika Pottes,Female,1660 Heffernan Lane,22-09-1986,Training,$606.90
768,Pascal Collumbine,Male,8382 Kedzie Parkway,01-04-1993,Services,$3715.02
769,Stinky Tremeer,Bigender,59 Scott Drive,26-06-1976,Support,$986.47
770,Goldia Togher,Female,1208 Ilene Junction,06-03-1999,Support,$4215.88
771,Tildie Blouet,Genderqueer,924 Thompson Trail,06-03-1984,Services,$4780.78
772,Linda Cruickshank,Female,903 Loomis Trail,23-07-1975,Support,$1394.93
773,Lorelle Mockett,Female,56048 Eagle Crest Junction,09-08-1988,Legal,$3739.78
774,Jeanna Shimwall,Female,6001 Hazelcrest Terrace,05-02-1982,Research and Development,$3392.91
775,Alisha Edmand,Female,1 Grayhawk Drive,15-12-1991,Business Development,$3378.48
776,Siward Zorer,Male,73288 Garrison Court,29-09-1988,Product Management,$1256.64
777,Nikolas Storrier,Male,08 Superior Drive,22-09-1978,Support,$2565.34
778,Rooney Penright,Male,544 Toban Avenue,11-06-1988,Support,$2788.54
779,Betsey Sofe,Female,47 Scoville Pass,05-11-1990,Business Development,$2308.21
780,Kelcy Renshaw,Female,12868 Banding Point,19-01-1978,Legal,$4817.82
781,Adella Ladley,Female,01 Dahle Park,07-10-1989,Support,$2536.84
782,Dari Haestier,Female,8926 Rockefeller Avenue,27-05-1978,Engineering,$4560.31
783,Xever Dunlap,Male,96464 Clyde Gallagher Parkway,22-11-1992,Business Development,$3017.62
784,Karlee Janata,Female,59 Paget Point,07-09-1978,Marketing,$4785.25
785,Edvard Kissick,Bigender,88849 Sycamore Trail,11-01-1978,Sales,$3555.63
786,Genny Aggett,Female,08796 Grasskamp Crossing,24-11-1990,Marketing,$2121.26
787,Haleigh Hachette,Male,7 Sheridan Terrace,28-10-1996,Research and Development,$1412.31
788,Lauren Minocchi,Female,4 Northwestern Drive,30-01-1997,Product Management,$2905.67
789,Naoma Christopherson,Female,00 Manley Trail,26-04-1975,Accounting,$4356.22
790,Byram Heal,Male,187 Corscot Pass,05-11-1991,Support,$3123.98
791,Laney Sulland,Male,46 Southridge Way,19-03-1999,Sales,$1614.19
792,Silvie Ansty,Female,24 David Park,29-07-1983,Product Management,$3995.12
793,Rachelle Bayfield,Female,572 Raven Way,12-07-1985,Marketing,$4098.68
794,Dara Calbaithe,Female,09 Sommers Lane,11-03-1992,Business Development,$1470.11
795,Dolorita Shimwall,Female,73420 Forest Circle,11-11-1973,Engineering,$2444.35
796,Arlena Arnefield,Female,939 Pennsylvania Parkway,28-12-1975,Services,$2716.75
797,Leigh Paulley,Male,4 Lakeland Hill,12-11-1980,Business Development,$2868.12
798,Leshia Lubbock,Female,96309 8th Hill,29-06-1975,Research and Development,$1323.97
799,Viki Peacher,Female,68 Coolidge Court,08-07-2000,Human Resources,$686.27
800,Janeva Lorentz,Female,7 Del Sol Center,02-10-1991,Engineering,$3495.35
801,Suzette Siderfin,Female,51 Northridge Park,27-05-1988,Engineering,$754.84
802,Rosabella Disbury,Female,750 Sunbrook Circle,16-03-1991,Legal,$3357.02
803,Roldan Di Franceschi,Male,4392 Corben Park,19-03-1978,Product Management,$4518.49
804,Humberto Butterworth,Male,220 Lunder Place,29-05-1996,Marketing,$3455.38
805,Linnea Richfield,Female,4 Morningstar Junction,29-06-1977,Sales,$2177.92
806,Muire Vinas,Female,2 Chive Avenue,26-03-1991,Human Resources,$848.79
807,Westbrook Garlick,Male,05157 Maryland Alley,04-04-1978,Marketing,$2398.57
808,Jodee Trobey,Female,374 Scofield Avenue,24-01-1982,Human Resources,$1388.41
809,Cindra Joynes,Female,739 Bashford Place,17-12-1991,Human Resources,$2442.15
810,Chadwick Tebbitt,Male,18 Vermont Alley,05-02-1988,Training,$3056.73
811,Stevena Franzen,Female,2120 Twin Pines Point,07-08-1994,Marketing,$3953.42
812,Judith Showte,Female,07 Rutledge Pass,21-11-1970,Product Management,$4792.13
813,Elianora Bagby,Female,178 Emmet Circle,21-06-1985,Engineering,$3490.97
814,Gates Eleshenar,Female,22236 New Castle Place,30-05-1988,Accounting,$783.32
815,Ambros Hupka,Non-binary,140 Rockefeller Way,16-04-1981,Marketing,$1593.48
816,Addison Ardron,Male,1 Stoughton Avenue,24-12-1995,Human Resources,$2105.95
817,Skipp Giottini,Male,9 Hoffman Street,14-07-1982,Training,$3361.59
818,Caro Casperri,Female,059 Express Court,11-07-1998,Product Management,$1354.05
819,Neddie Ovenden,Male,6 Sauthoff Way,04-07-1973,Product Management,$1783.40
820,Millisent Jacketts,Female,3132 Main Road,01-10-1992,Support,$1946.03
821,Em Mandel,Male,035 Melvin Hill,05-07-1974,Business Development,$1782.37
822,Gwenneth Goodere,Female,6199 Luster Hill,24-12-1993,Services,$4722.99
823,Kingsly Reading,Male,032 Redwing Drive,01-02-1987,Marketing,$4836.66
824,Hamlin Orlton,Male,03 Upham Court,13-04-1995,Training,$4631.94
825,Perceval Davsley,Male,3 Esch Park,22-11-1983,Services,$4171.56
826,Nettle Preto,Female,7 3rd Park,04-11-1996,Legal,$2556.38
827,Breanne Ziebart,Female,6 Darwin Pass,21-09-1971,Product Management,$3037.09
828,Alphonso Philpin,Male,3 Buena Vista Alley,13-12-1970,Research and Development,$4391.29
829,Selena Dumberrill,Female,55373 Ridgeway Terrace,28-12-1974,Research and Development,$1418.59
830,Bev Tuny,Female,3 Birchwood Parkway,17-04-1998,Sales,$2069.87
831,Donelle Luckwell,Female,79 Bay Crossing,23-11-1970,Engineering,$4037.61
832,Eran Strettle,Female,645 Amoth Road,24-08-1977,Sales,$1513.46
833,Spenser Philpott,Male,06487 Mifflin Court,10-08-1988,Human Resources,$1280.94
834,Winne Whimpenny,Female,72 Lake View Point,03-11-1981,Legal,$1464.68
835,Elyse Spat,Female,209 Lunder Drive,10-03-1990,Engineering,$2911.84
836,Dimitri Stovell,Male,56 Di Loreto Place,30-10-1980,Product Management,$4370.52
837,Shandie Legat,Female,8 David Alley,05-07-1980,Training,$1619.43
838,Madelene Devenish,Female,93785 Roxbury Point,04-07-1974,Accounting,$1885.64
839,Ginni Cianelli,Genderfluid,6 Lukken Place,09-11-1990,Accounting,$3865.21
840,Alfy Maginn,Male,5 Kensington Drive,28-07-1976,Research and Development,$3688.87
841,Heriberto Keher,Agender,72 Redwing Plaza,03-02-1974,Services,$1278.57
842,Angeli Dislee,Genderfluid,1649 Crownhardt Road,25-08-1975,Services,$1364.14
843,Stormi Paulitschke,Female,2 Menomonie Alley,04-10-1997,Business Development,$4358.64
844,Tam Hollier,Male,9011 Bonner Crossing,21-02-1975,Human Resources,$3940.15
845,Betsey Sainsbury,Female,355 Independence Place,26-11-1995,Product Management,$2243.80
846,Baxter Gohier,Male,88366 Fuller Drive,05-05-1994,Business Development,$4602.41
847,Flor Ravel,Female,8387 Reinke Junction,13-12-1979,Sales,$4933.99
848,Gare Hesey,Male,809 Dakota Circle,30-05-1972,Human Resources,$3391.39
849,Korey Arrigucci,Agender,5985 Ludington Junction,01-06-1993,Training,$1254.23
850,Marjy Copin,Female,4842 David Way,03-02-1995,Services,$3337.91
851,Marylee Garvan,Genderfluid,929 Maryland Drive,31-08-1972,Support,$4037.83
852,Killie Valentin,Non-binary,3 Brickson Park Point,02-04-1998,Legal,$1137.67
853,Dewitt Corkish,Male,5729 Morning Center,25-12-1971,Support,$4485.17
854,Kennan Kopman,Male,259 Ruskin Trail,11-05-1994,Sales,$1211.77
855,Francis Wylie,Male,55 Nancy Circle,25-05-1976,Product Management,$4613.68
856,Whittaker Dyas,Male,42025 Pennsylvania Pass,24-05-1977,Human Resources,$1253.59
857,Esther Grigoli,Polygender,9 Orin Trail,31-08-1975,Human Resources,$3227.41
858,Jereme Bagge,Male,86776 Welch Avenue,16-06-1979,Human Resources,$4350.67
859,Renell Goodsir,Female,8314 Almo Street,25-03-1985,Engineering,$2914.13
860,Susi Clowsley,Female,1 Graceland Drive,08-04-1973,Product Management,$4586.51
861,Adrien Monahan,Genderfluid,87626 Surrey Avenue,03-12-1988,Human Resources,$2097.38
862,Cristie Puckham,Female,63 Carberry Road,09-05-1994,Accounting,$2085.37
863,Averil McGarrity,Male,75139 Moland Parkway,30-03-1990,Human Resources,$4381.10
864,Marylou Nice,Female,70773 Little Fleur Lane,19-03-1984,Services,$1287.95
865,Lucinda Walewski,Female,7908 Del Sol Park,23-06-1981,Engineering,$4380.18
866,Bronny Halfpenny,Male,7706 Sheridan Drive,07-03-1996,Research and Development,$3866.45
867,Nicolea Harrop,Female,58 Granby Terrace,28-12-1980,Services,$3989.23
868,Berenice Auckland,Female,2649 Bunker Hill Way,27-12-1985,Sales,$3911.27
869,Lexy Mattioni,Female,8 Kedzie Drive,06-04-1977,Business Development,$3791.53
870,Teressa Glassford,Female,4016 Evergreen Hill,03-02-1982,Training,$3673.97
871,Frederica McKirdy,Female,0 Tomscot Terrace,28-06-1984,Research and Development,$4832.61
872,Nelle Cayet,Female,5 Boyd Pass,13-02-1999,Sales,$4340.43
873,Fredrick McAughtrie,Male,03 Toban Trail,23-02-1992,Legal,$4765.98
874,Westleigh Durant,Male,0 Washington Lane,10-03-1989,Training,$753.37
875,Tammy Ullett,Female,461 Bunker Hill Parkway,29-07-1992,Business Development,$3382.08
876,Conway Bellerby,Male,05447 Fulton Junction,08-11-1971,Human Resources,$4427.02
877,Adi Sibyllina,Female,818 Fairview Drive,28-11-1996,Business Development,$3738.28
878,Nettle Moxon,Female,512 Londonderry Junction,13-09-1989,Training,$2347.62
879,Blithe Bunford,Female,07193 Golf Course Circle,26-09-1983,Support,$2323.82
880,Sib Eagleston,Female,61130 Redwing Crossing,30-07-1980,Legal,$2409.25
881,Deck Kernan,Male,5 Spaight Circle,10-12-1982,Engineering,$4183.19
882,Bev Pepall,Male,4 Columbus Way,14-03-1978,Sales,$1796.64
883,Marin Draper,Female,248 Shelley Drive,28-02-1983,Human Resources,$922.19
884,Del Holston,Polygender,26 Delaware Trail,16-03-1992,Legal,$4063.64
885,Heidi Caley,Female,894 Alpine Avenue,17-06-1982,Training,$3350.10
886,Abbie Mudle,Male,37 Roxbury Terrace,17-09-1972,Legal,$2104.24
887,Markos Tansley,Male,129 Jay Road,17-12-1976,Accounting,$4142.38
888,Cherida Collumbell,Female,0 Sycamore Junction,09-11-1978,Sales,$2595.23
889,Camey Szach,Male,75 Bunting Lane,06-05-1985,Support,$2834.79
890,Roddy Walster,Male,69 Schlimgen Parkway,17-03-1979,Accounting,$2991.39
891,Ginger Bridgestock,Male,43 Jay Court,01-06-1987,Accounting,$4706.55
892,Daisie Honig,Female,732 Anniversary Way,13-02-1997,Human Resources,$2233.82
893,Krissie Akeherst,Female,0 Crest Line Lane,16-01-1991,Sales,$4273.67
894,Teresita Fabler,Female,5062 Northview Plaza,24-11-1989,Human Resources,$1596.61
895,Tracey Widdup,Male,7 Milwaukee Lane,01-10-1981,Accounting,$3413.03
896,Clementina O'Hartigan,Female,59657 Bashford Drive,29-03-1990,Services,$822.52
897,Essie Tindley,Female,2 Rigney Circle,14-10-1983,Marketing,$4859.65
898,Elwood Mapplethorpe,Male,5749 Mariners Cove Plaza,26-07-1973,Legal,$1396.16
899,Stevana Older,Female,3 Calypso Center,02-04-1992,Product Management,$4605.85
900,Robert Dingle,Male,94073 Jenna Drive,28-08-1980,Services,$4687.40
901,Koenraad Butchers,Male,476 Eagle Crest Parkway,26-04-1988,Marketing,$3616.42
902,Nathanael Bezzant,Male,17 Canary Alley,06-05-1973,Marketing,$4576.10
903,Kippie Kaye,Male,20853 Toban Drive,29-08-1978,Accounting,$2554.47
904,Rori Auld,Female,14439 Cherokee Circle,06-11-1988,Legal,$1500.73
905,Blythe Cadreman,Female,6 Grover Crossing,09-10-1998,Engineering,$3970.51
906,Rozamond Robion,Female,338 Hermina Pass,31-01-1975,Legal,$3548.28
907,Maud McKeown,Female,4 Vermont Alley,13-07-1996,Legal,$1413.46
908,Fonzie Sibbering,Male,2 Ohio Street,05-10-1980,Research and Development,$3698.96
909,Boote O'Hingerty,Male,555 Fieldstone Plaza,03-09-1991,Human Resources,$3193.29
910,Cal Doidge,Female,275 West Road,17-01-1999,Human Resources,$2007.87
911,Gannie Boate,Male,2131 Sunnyside Crossing,22-05-1995,Engineering,$1458.85
912,Curtice Leemans,Male,82660 Haas Point,15-01-1999,Marketing,$2710.33
913,Cathlene Fullman,Female,49231 Hoard Park,07-04-2000,Support,$1988.90
914,Killy Ciciura,Male,29209 Moulton Center,07-11-1972,Engineering,$3249.33
915,Stephenie Labroue,Female,3505 Southridge Avenue,15-02-1992,Sales,$4662.72
916,Marcelo Guiot,Male,11 Thierer Terrace,31-07-1976,Sales,$4087.81
917,Patrica Constable,Agender,275 Walton Park,06-09-1974,Research and Development,$3042.70
918,Tammara Rathmell,Female,902 Lakewood Gardens Center,04-05-1980,Business Development,$1782.62
919,Webb Abrahamian,Male,750 Merry Hill,05-06-1975,Human Resources,$3190.77
920,Tara Dansken,Non-binary,1599 Carpenter Court,02-12-1987,Marketing,$2493.26
921,Alfonso Gilleson,Male,4539 Cascade Point,04-06-1980,Services,$2561.50
922,Traver Marnes,Male,8 Northland Way,26-03-1996,Accounting,$4969.13
923,Ermin Lyfield,Male,43647 Elgar Circle,04-02-1995,Research and Development,$4834.41
924,Vin Gaucher,Female,1 Swallow Alley,10-11-1970,Product Management,$4644.34
925,Vikki Fyall,Female,660 Monica Hill,18-01-1992,Product Management,$2284.10
926,Bill Angel,Genderqueer,5210 Vahlen Plaza,08-02-1997,Marketing,$4128.46
927,Kayne Dhennin,Male,58 Kingsford Court,30-03-1999,Business Development,$728.63
928,Yuri Michelotti,Male,0656 Starling Junction,30-05-1987,Services,$1851.82
929,Andria Brierton,Female,04 Del Mar Pass,13-11-1998,Product Management,$1662.14
930,Dalli Libermore,Male,10794 Drewry Terrace,26-07-1985,Sales,$933.63
931,Jacquenette Jones,Genderqueer,409 Waywood Trail,31-10-1998,Research and Development,$2663.96
932,Zoe Fenner,Agender,47804 Hollow Ridge Drive,09-03-1997,Accounting,$3750.92
933,Kippy Ducker,Female,9170 Hauk Park,14-10-1974,Human Resources,$1279.78
934,Cecil Kineton,Female,3 2nd Street,20-11-1979,Legal,$3599.09
935,Lynette Jaffa,Polygender,93 Ronald Regan Trail,04-07-1981,Product Management,$1320.68
936,Zed Birtchnell,Male,9 Mayer Trail,01-05-1997,Sales,$2217.51
937,Kiri Joanaud,Female,4746 Michigan Alley,18-06-1978,Accounting,$1300.93
938,Opaline Rolfs,Female,69 Sutteridge Park,27-12-1975,Support,$4140.40
939,Clarke Lorenzetti,Male,6529 Killdeer Avenue,31-08-1976,Legal,$2880.37
940,Corny Cottage,Female,46 Pearson Drive,23-11-1970,Marketing,$4725.67
941,Doretta Jumonet,Female,20155 Village Green Center,20-03-1986,Legal,$3322.51
942,Jolyn Olanda,Female,24835 Center Trail,05-09-1973,Engineering,$3688.02
943,Ursulina Mussolini,Female,6 East Plaza,20-12-1999,Legal,$2230.98
944,Perkin Mc Gee,Male,7580 Lawn Trail,12-04-1999,Legal,$1126.11
945,Aurilia McFeat,Female,48 Clarendon Junction,08-08-1973,Support,$2686.47
946,Susy Waterdrinker,Female,1939 Corben Terrace,25-07-1979,Human Resources,$1910.95
947,Mendel Silversmid,Genderfluid,5 Scofield Hill,25-07-2000,Business Development,$2049.28
948,Isabelle Ghilardini,Female,882 Prentice Lane,30-03-1996,Business Development,$3326.71
949,Shurlock Roskell,Male,01629 Aberg Trail,12-01-1997,Services,$2666.80
950,Mel Domenico,Female,4237 Bluestem Parkway,14-12-1981,Product Management,$858.51
951,Thorpe Blanque,Male,4047 Clove Alley,28-12-1984,Training,$3740.15
952,Kristos Belamy,Male,2 Hoffman Junction,12-03-1997,Sales,$1032.37
953,Jacquetta Dudney,Female,145 Bunting Way,12-01-1971,Support,$2275.88
954,Abie Laphorn,Polygender,805 High Crossing Center,07-12-1989,Training,$1590.67
955,Elsy Sarge,Genderfluid,84 South Center,25-02-1983,Training,$1241.21
956,Joela Sieur,Female,49788 Jackson Circle,08-09-1981,Marketing,$2834.00
957,Beret Shallcross,Female,6 Center Avenue,07-01-1997,Engineering,$1490.15
958,Sheela O'Shaughnessy,Female,01 Shelley Way,18-09-1999,Research and Development,$2856.34
959,Claudelle Whiley,Female,5644 Mesta Plaza,04-06-1999,Sales,$1140.72
960,Jackie Dubery,Female,61514 Dovetail Lane,10-06-1983,Support,$1712.98
961,Nariko Bembrick,Female,3241 Crownhardt Point,20-08-1986,Human Resources,$4899.40
962,Gabe Gonthard,Male,30803 Novick Junction,17-06-1988,Marketing,$3068.81
963,Aida Boothebie,Female,375 Hovde Crossing,04-08-1981,Services,$3752.81
964,Waldemar Boshard,Male,25 Rockefeller Place,12-08-2000,Research and Development,$3934.37
965,Aldin Furminger,Male,28303 Hollow Ridge Drive,16-03-2000,Product Management,$4645.94
966,Niven Theze,Male,89 Starling Park,27-03-1982,Sales,$3181.49
967,Pavel Ordidge,Male,3 Wayridge Terrace,05-11-1995,Engineering,$4965.11
968,Lucias Minster,Non-binary,0 Forest Junction,31-08-1971,Business Development,$969.78
969,Constancia Itzkin,Female,90 Granby Court,12-12-1977,Services,$802.35
970,Shellysheldon McNea,Male,392 Algoma Place,09-05-1997,Services,$3433.48
971,Ilise Patmore,Agender,3 Village Green Junction,11-10-1992,Product Management,$4808.13
972,Kelvin Kyrkeman,Male,07150 Nova Court,13-06-1978,Product Management,$2402.22
973,Quinn Rubinlicht,Female,99 Spaight Plaza,01-10-1995,Support,$2068.30
974,Halsey Baumford,Male,97006 Reindahl Crossing,30-07-1992,Services,$1136.29
975,Lucian Girogetti,Male,693 Jenna Hill,25-08-1982,Training,$1720.58
976,Tammy Squibbs,Agender,47659 Esch Drive,26-08-1974,Support,$2022.63
977,Tabbi Burnsell,Female,9251 Bunting Trail,08-11-1970,Business Development,$2160.86
978,Vicky Leighfield,Female,871 Blue Bill Park Lane,11-01-1991,Legal,$1998.81
979,Eddi Pattesall,Female,41972 Calypso Place,28-08-1998,Human Resources,$1245.33
980,Luce Mullard,Female,57073 Main Point,30-10-1987,Product Management,$3306.39
981,Odette Audiss,Polygender,17881 Duke Crossing,17-11-1973,Product Management,$4805.70
982,Kenyon Polk,Male,2157 Drewry Way,18-11-1976,Sales,$3593.92
983,Elwood Lucien,Male,04149 Novick Place,08-10-2000,Accounting,$4087.56
984,Elka Baroux,Female,89 Shelley Park,12-04-1999,Marketing,$4747.06
985,Torin Ouldcott,Male,22 Stone Corner Alley,13-10-1974,Accounting,$1497.20
986,Chad Ambroix,Female,52 Porter Point,11-10-1990,Marketing,$4676.29
987,Doralynn Dorman,Female,57 Texas Pass,03-08-1997,Support,$4726.98
988,Janet Battershall,Female,70 Rutledge Drive,24-10-1991,Training,$800.45
989,Barnabe Gehricke,Male,55 Maple Park,25-08-1998,Research and Development,$4850.21
990,Dianemarie Orniz,Female,455 Fieldstone Way,24-12-1984,Legal,$3817.95
991,Sisile Learmonth,Female,0428 Ruskin Street,12-08-1975,Accounting,$2535.22
992,Blancha Rowat,Female,7357 Eagan Circle,21-12-1970,Product Management,$1157.71
993,Hollis Friedenbach,Male,81652 Wayridge Plaza,03-10-1971,Services,$4711.07
994,Darrell Sellars,Male,64487 Delaware Point,21-09-1988,Accounting,$3416.09
995,Lucienne Vassel,Non-binary,46 Manitowish Street,27-05-1991,Services,$1193.46
996,Gussie Halm,Female,53769 Esch Court,08-12-1974,Business Development,$2292.33
997,Juieta Dmitrovic,Female,59656 Canary Alley,26-08-1996,Business Development,$4978.68
998,Gino Cummings,Polygender,5 Everett Park,09-09-1983,Support,$603.96
999,Salomi Betteney,Female,3 Huxley Road,30-01-1978,Marketing,$1548.21
1000,Art Jakobssen,Male,75 Anhalt Way,24-10-1987,Business Development,$4616.87
